County,Category,Skilled_Construction_Worker,Year_Accredited,Site_Supervisor,Class,Year_Accreditated_SS,Unacrredited,Number_applied,Gender,Age,Education,Other_Education,Q4,Q4_Others,Q5a,Q5b,Q5c,Q5cOthers,Q6,Q7a,Q7b,Q7c,Q8,Q8_Specify,Q9,Q9other,Q10,Q11,Q12a,Q12b,Q12c,Q12d,Q12e,Q12f,Q12g,Q12h,Q12i,Q12j,Q12k,Q12l,Q12m,Q12n,Q12o,Q12p,Q12q,Q12r,Q13a,Q13b,Q13c,Q13d,Q13e,Q13f,Q13g,Q13h,Q13i,Q13j,Q13k,Q13l,Q13m,Q13n,Q13o,Q14a,Q14b,Q14c,Q14d,Q14e,Q14f,Q14g,Q14h,Q14i,Q14j,Q14k,Q14l,Q14m,Q14n,Q15,Q16,Q17,Q18
MURANG'A,1,1, , , , ,2, ,1,4,4, ,0, ,PAINTER,1, ,SEMINARS,5,2,2, ,2, ,3, ,3, ,1,1,1,1,2,1,7,6,2,2,6,5,1,1,1,3,4,3,2,1,2,4,2,2,1,4,3,3,6,6,2,3,3,2,2,1,2,1,1,4,4,2,2,4,1,1,4,NO.,LACK OF INFORMATION,"CREATE MORE AWARENESS, MORE SITES VISITS",EDUCATE MORE AND REACH MANY
MURANG'A,1,1, , , , ,1,1,1,6,3, ,1, ,MASON,2,1, ,5,2, , ,2, ,2, ,3,7,7,7,5,6,7,7,7,7,7,7,7,7,7,1,7,1,1,1,4,7,7,6,7,7,7,7,7,1,1,1,6,1,1,6,7,7,7,1,7,4,7,6,7,6,6,6,1,YES.JOB OPPORTUNITIES,DELAY OF CARDS,PRODUCE CARDS ON TIME,INCRASE WAGES
MURANG'A,1,1, , , , ,2, ,1,4,2, ,1, ,MASON,2,1, ,2,2,2, ,2, ,2, ,2,6,6,4,4,4,4,4,4,4,4,7,4,1,1,4,4,4,4,4,7,4,4,4,4,4,4,4,4,4,4,4,4,4,4,4,4,4,4,4,4,4,7,4,4,4,4,4,4,YES.JOB OPPORTUNITIES,LACK OF AWARENESS,INCREASE SITES VISITS, 
MURANG'A,1,1, , , , ,1,1,1,3,3, ,2, ,"MASON, STEEL FIXER , PLUMER",1,2, ,1,1, , ,2, ,5, ,1,3,3,3,5,6,4,5,4,6,4,6,4,5,4,5,3,5,4,5,5,6,5,4,6,5,7,5,6,5,6,4,5,7,5,5,6,5,6,7,5,6,5,7,5,6,7,6,6,YES,LACK OF AWARENESS,INCREAS ACCESS OF NCA'S OFFICES,TRAININING AND LEARNING PROGRAMS
NYERI,1,1, , , , ,1,2,1,3,6, ,1, ,STEEL FIXER,2,1, ,1,1,2, ,2, ,1, ,1,7,7,7,7,1,1,4,7,7,7,1,1,1,1,6,1,1,1,1,1,1,1,3,3,1,3,5,5,3,2,4,3,2,4,2,1,2,1,1,2,2,3,4,4,3,4,5,6,YES. EXPOSURE,LACK OF INFORMATION,CREATE MORE AWARENESS,MORE APPLICATIONS
NYER,1,1, , , , ,1,1,1,3,2, ,1, ,CARPENTER,1,2, ,2,2, , ,2, ,2, ,2,7,7,7,7,1,7,1,7,7,7,7,1,7,7,1,7,7,7,1,7,7,7,7,7,7,7,7,1,7,7,7,7,7,7,7,7,7,7,7,7,7,7,7,1,7,7,7,7,YES.RECOGNITION,DELAY OF CARDS,ALLOCATE NCA OFFICES AROUND THE COUNTRY, 
NYERI,1,1, , , , ,1,1,1,8,3, ,2, ,CARPENTER,2,1, ,5,2,2, ,2, ,2, ,2,7,7,5,7,7,7,7,7,7,7,7,7,1,3,1,7,1,1,1,1,7,7,1,1,7,7,7,7,7,7,7,7,1,7,7,7,7,7,7,7,7,7,7,7,1,1,1,1,YES.,DELAY OF CARDS,PRODUCE CARDS ON TIME,PRODUCE CARDS ON TIME
NYERI,1,1, , , , ,1,1,1,5,2, ,7, ,MASON,2,1, ,2,1,2, ,2, ,2, ,1,7,1,1,7,1,1,7,7,4,4,1,1,1,1,1,7,7,1,1,1,5,1,4,1,6,1,4,1,4,4,1,3,1,1,1,1,1,1,4,2,1,1,6,6,7,7,7,7,NO,REDUCE FEES,PRODUCE CARDS ON TIME,PRODUCE CARDS ON TIME
NYERI,1,1, , , , ,2, ,1,5,2, ,1, ,MASON,1,2, ,5,1,2, ,2, ,1, ,2,6,5,5,1,5,3,7,7,7,3,3,5,3,4,5,1,1,1,1,3,3,3,4,5,4,5,5,6,1,1,3,6,1,1,7,3,3,5,5,4,4,2,4,4,5,1,4,1,YES,REDUCE FEES,EMPOWERMENT, 
MURANG'A,1,1, , , , ,1,1,1,6,2, ,1, ,STEEL FIXER,1,2, ,5,2, , ,2, ,2, ,1,6,5,5,1,5,1,6,6,6,1,6,6,1,1,2,6,1,1,2,7,7,7,5,3,6,6,6,5,4,1,6,4,5,5,6,6,7,4,5,4,1,7,5,4,1,7,1,4,YES.JOB OPPORTUNITIES,DELAY OF CARDS,PRODUCE CARDS ON TIME, 
MURANG'A,1,1, , , , ,1,5,1,4,2, ,6, ,MASON,1,2, ,5,2, , ,2, ,2, ,2,7,1,7,1,1,7,6,4,4,4,4,2,3,4,3,2,3,2,3,5,5,5,5,3,5,4,7,1,3,1,1,1,1,1,7,4,6,4,7,4,7,4,7,5,7,7,7,7,YES.JOB OPPORTUNITIES,APPLICATIONS DIDN'T GO THROUH, , 
KIAMBU,1,1, , , , ,1,2,1,2,2, ,7, ,STEEL FIXER,2,1, ,2,1,2, ,2, ,3, ,2,4,1,1,7,1,7,7,7,7,1,4,1,7,1,1,1,2,1,1,7,1,7,4,7,7,7,1,1,1,1,7,1,1,1,7,7,7,7,1,1,1,1,7,1,1,1,1,1,NO,LACK OF INFORMATION,CREATE MORE AWARENESS, 
KIAMBU,1,1, , , , ,2, ,1,2,3, ,5, ,PAINTER,2,1, ,1,2,2, ,2, ,2, ,2,6,1,1,1,1,1,1,2,2,2,1,1,1,1,4,7,1,1,1,1,1,1,1,3,3,3,2,2,2,2,3,3,4,2,1,1,2,2,2,3,1,2,1,3,1,3,1,3,YES. EXPOSURE,REDUCE FEES,RECOGNITION, 
KIAMBU,1,1, , , , ,2, ,1,2,2, ,0, ,STEEL FIXER,2,1, ,2,2,2, ,2, ,2, ,2,7,5,4,1,1,7,7,7,7,7,7,7,1,1,4,1,1,1,1,7,7,7,7,7,7,5,7,5,7,7,1,7,7,7,5,7,7,7,7,7,1,7,7,7,5,5,7,7,YES.ASSURANCE,LACK OF INFORMATION,PRODUCE CARDS ON TIME,APPRECIATE ONSITE TRAININGS
KIAMBU,1,1, , , , ,2, ,1,4,6, ,1, ,MASON,1,3, ,1,1,1, ,2, ,1, ,2,7,5,5,5,6,6,6,6,6,6,7,6,1,6,7,6,6,6,1,6,6,6,6,6,6,6,5,6,5,6,6,6,6,6,7,6,6,5,6,6,4,6,6,6,6,5,5,5,YES.CARES THE WELFARE OF EMPLOYEES,FINANCIAL CONSTRAINTS,TRAIN WORKERS,INCREASE TRAINING
KIAMBU,1,1, , , , ,1,1,1,3,4, ,1, ,ELECTRICIAN,1,2, ,1,1,2, ,2, ,2, ,3,7,1,1,1,1,7,7,7,7,7,7,1,1,4,7,1,1,1,5,7,7,7,4,6,7,6,4,6,7,6,4,7,6,7,7,4,6,7,4,6,4,6,5,7,6,4,4,7,"YES.JOB SECURITY,",PAYING ACCREDITATION FEE,PRODUCE CARDS ON TIME,APPRECIATE ONSITE TRAININGS
KIAMBU,1,1, , , , ,2, ,1,3,6, ,0, ,PLUMBER,2,1, ,1,1,2, ,2, ,1, ,2,5,1,1,1,1,1,7,7,7,7,7,7,1,4,7,7,1,4,1,4,7,1,7,5,7,7,7,7,7,7,1,7,1,4,7,7,7,1,7,7,1,1,7,4,7,1,1,3,YES. EXPOSURE,LACK OF INFORMATION,CREATE MORE AWARENESS, 
KIAMBU,1,1, , , , ,1,1,1,6,4, ,1, ,STEEL FIXER,1,2, ,4,2,2, ,2, ,1, ,2,7,7,1,1,5,4,1,1,1,4,5,5,1,1,4,7,1,1,7,5,7,7,5,5,7,7,4,5,4,4,5,4,4,5,4,5,5,5,7,5,5,5,7,7,4,1,1,1,YES.RECOGNITION,LACK OF AWARENESS,"CREATE MORE AWARENESS, MORE SITES VISITS",INCREASE SITES VISITS
KIAMBU,1,1, , , , ,2, ,1,2,2, ,1, ,STEEL FIXER,2,1, ,1,2,2, ,2, ,2, ,2,7,1,1,1,1,7,6,1,1,1,1,4,6,1,6,6,7,4,5,6,1,1,1,1,1,1,6,6,6,6,3,3,3,3,1,5,4,1,7,7,7,1,1,1,3,1,1,1,YES,LACK OF TIME ON SITE,REDUCE FEES,READILY AVAILABLE
KIAMBU,1,1, , , , ,1,1,1,4,3, ,7, ,STEEL FIXER,2,1, ,3,1,2, ,1, ,2, ,2,2,1,1,6,7,6,7,7,6,1,5,1,1,4,5,1,4,4,4,4,3,4,1,7,1,3,1,7,1,1,1,4,2,5,1,3,7,7,1,2,1,7,1,7,2,1,7,2,YES.JOB OPPORTUNITIES,INCREASE PAYMENT,INCREASE PAYMENT,INCREASE PAYMENT
KIAMBU,1,1, , , , ,2, ,1,2,2, ,0, ,CARPENTER,1,2, ,1,2,2, ,2, ,2, ,2,7,1,1,7,7,7,4,7,1,1,1,1,3,4,7,4,7,1,2,1,2,3,4,3,2,2,3,3,2,3,4,5,6,7,7,7,7,7,7,7,1,4,7,7,1,1,1,7,YES.GAINED EXPERIENCE,LACK OF INFORMATION,CREATE MORE AWARENESS, 
KIAMBU,1,1, , , , ,2, ,1,4,6, ,0, ,MASON,1,3, ,2,1,2, ,2, ,1, ,4,7,7,7,1,7,5,7,7,7,7,1,2,1,1,7,7,1,1,1,7,7,7,1,7,7,7,1,1,7,7,7,7,1,7,7,7,7,7,7,7,1,3,7,7,7,1,7,1,YES. EXPOSURE,REDUCE FEES,ENFORCEMENT ON SITES, 
KIAMBU,1,1, , , , ,2, ,1,3,2, ,6, ,MASON,2,1, ,2,2, , ,2, ,2, ,2,7,1,2,4,1,4,5,1,1,1,1,1,1,1,4,4,1,1,1,1,4,4,6,1,4,1,1,4,1,1,4,4,4,1,4,5,4,1,6,4,1,6,6,6,1,1,1,1,YES.JOB OPPORTUNITIES,LACK OF TIME ON SITE,ONSITE REGISTRATION,INCREASE TIME FOR REGISTRATION
KIAMBU,1,1, , , , ,2, ,1,2,6, ,1, ,STEEL FIXER,1,3, ,1,2,2, ,2, ,5, ,2,4,4,4,4,6,6,4,6,6,6,1,1,7,7,4,7,4,4,1,3,3,4,7,5,7,7,7,7,4,1,7,7,7,7,7,7,7,4,7,7,1,1,7,7,1,1,6,1,YES.RECOGNITION,LACK OF INFORMATION,INCREASE PROGRAMS,SIMPLIFY PROCESS OF CARDS
KIAMBU,1,1, , , , ,1,2,1,7,4, ,1, ,STEEL FIXER,1,2, ,3,2, , ,2, ,2, ,2,7,5,5,3,5,5,5,5,5,5,5,5,1,5,5,5,5,5,3,7,7,7,7,5,2,7,7,7,2,7,7,7,2,4,4,7,7,1,7,7,4,7,7,7,4,1,1,4,YES.JOB OPPORTUNITIES,JOB SECURITY,FACILITATE ACCREDITATION, 
KIAMBU,1,1, , , , ,2, ,1,2,1, ,1, ,CARPENTER,2,1, ,2,1, , ,2, ,2, ,2,7,7,7,7,4,7,7,7,7,7,7,7,7,7,7,7,7,7,1,7,7,7,7,7,7,7,7,7,7,7,7,7,7,1,7,7,7,7,7,7,7,7,7,7,7,7,7,7,YES.JOB OPPORTUNITIES,REDUCE FEES,REDUCE FEES,MISIDENTIFICATION ON THE CARD PHOTOS
NAIROBI,1,1, , , , ,2, ,1,2,6, ,0, ,Glaziers,1,1, ,1,2, , ,2, ,1, ,1,3,1,1,1,1,1,4,7,7,7,1,1,1,1,4,5,3,1,1,1,1,1,1,1,3,4,5,1,1,1,1,1,1,1,1,1,1,1,1,5,2,5,1,7,1,1,1,5,"Yes, it helps in the determination",Illiteracy,Provision of online training and accredi,It is beneficial for every employee
NAIROBI,1,1, , , , ,1,2,1,7,1, ,2, ,Plant Operator,1,1, ,5,2, , ,2, ,5, ,2,7,7,7,7,1,1,1,1,1,7,7,7,1,1,7,7,1,1,1,7,7,5,7,7,7,7,7,7,1,7,7,7,1,7,7,7,7,7,7,7,4,7,7,7,1,1,1,1,"Yes, assistive in getting work.",Delay in proccessing caards.,More effecient systems to enhance the pr,N/A
NAIROBI,1,1, , , , ,1,1,1,4,2, ,1, ,Mason,1,2, ,2,2, , ,2, ,2, ,2,7,5,5,1,7,7,7,4,4,4, ,1,1,1,1,1,1,1,1,7,1,4,4,4,1,1,3,1,1,1,1,3,1,1,7,4,7,4,4,4,1,1,4,4,4,1,1,1,"Yes, in job opportunities.","Lack of awareness, proccessin",More onsite visits.,N/A
NAIROBI,1,1, , , , ,1,4,1,3,2, ,6, ,Mason,2,1, ,1,2,2,N,2, ,2, ,1,7,1,1,1,1,1,1,1,1,1,1,1,1,1,1,1,1,1,1,1,1,1,1,1,4,1,1,1,1,1,1,1,1,1,1,1,1,1,1,1,1,1,1,1,1,1,1,1,"Yes, it give you exposure.",High fees.,Create awareness on accreditation.,None
NAIROBI,1,1, , , , ,2, ,1,3,2, ,1, ,Mason,2,1, ,1,2, , ,2, ,2, ,1,7,1,1,1,2,1,4,3,3,5,4,4,4,4,4,4,4,4,4,3,5,1,4,4,4,4,4,4,4,4,2,7,5,4,4,4,4,4,4,5,3,4,4,4,1,2,4,4,"No, because I still dont know the",Lack of knowledge.,Lack of sensitisation., 
NAIROBI,1,1, , , , ,2, ,1,2,2, ,0, ,Steel Fixer,2,1, ,1,2, , ,2, ,2, ,2,4,1,3,1,3,1,1,7,7, ,1,1,1,1,1,1,3,3,2,7,7,7,6,1,1,1,1,1,1,1,1,1,1,1,7,7,7,1,1,1,1,1,1,1,1,1,1,1,"No, no information on it.",Because pf lack of informatio,Increase site visits.,N/A
NAIROBI,1,1, , , , ,2, ,1,5,3, ,1, ,Scaffolder,2,1, ,2,1,2, ,2, ,3, ,2,7,1,1,1, ,7,1,7,7,7,1,7,1,1, ,1,1,1,1,1,7,1,1,4, ,7,7,7,7, ,1,7, ,7,1,1,1,1,7,7,1,1,7,7,7,1,1,4,No,High fees,Reduce fees,N/A
NAIROBI,1,1, , ,1, ,2, ,1,2,2, ,1, ,Scafforlder,2,1, ,1,2,2, ,2, ,3, ,2,6,1,1,7,1,7,7,7,7,1,1,7,1,1, , ,7, ,7,1,7,7,1,7,1,7,7,1,1,1,1,7,1,7,1,1,7,1,1,7,1,7,1,7,7,7,7,1,Yes,Information on accreditation,Sensitisation, 
NAIROBI,1,1, , ,1, ,2, ,1,3,3, ,2, ,"Carpenter, Scaffolder",2,1, ,1,2,2, ,2, ,3, ,2,7,1,7,7,7,1,4,1,1,7,1, ,4,4,7,7,7,7,1,7,7,7,7,7,7,7,7,7,7,7,7,7,7,7,1,1,7,7,7,7,7,7,7,7,7,1, ,7,Yes,No information on accreditati,Sensitisation on accreditation, 
NAIROBI,1,1, , , , ,2, ,1,5,1, ,1, ,Mason,2,1, ,4,2, , ,2, ,2, ,1,6,1,3,1,3,3,5,5,5,7,7,7,2,2,3,1,4,4,3,7,7,7,6,3,1,7,7,7,1,7,1,7,1,5,7,7,7,3,3,4,3,3,3,3,3,1,3,7,"Yes, need for one to secure a job",Information not available,Sensitisation on accreditation, 
NAIROBI,1,1, , , , , , ,1,3,3, ,1, ,"Mason, Carpenter",1,4, ,2,2, , ,2, ,1, ,2,6,7,1,4,1,1,7,7,7,7,7,6,6,5,1,7,1,1,1,1,1,5,1,1,2,2,4,1,3,3,1,4,1,1,5,2,4,1,3,1,1,1,2,3,1,1,1,1,Sometimes important,Lack of awareness,NCA should educate workers on the import, 
NAIROBI,1,1, , , , ,1, ,1,3,4, ,1, ,Safety Officer,1,4, ,1,1, , ,2, ,1, ,3,5,1,1,1,1,1,1,7,7,1,1,1,1,1,1,7,2,1,1,1,1,1,1,1,5,1,1,4,2,2,1,2,1,1,6,2,1,5,1,1,3,1,1,1,1,1,1,1,"No, its not well popular among the",Lack of civil education,Every employer to make NCA accredtation,None
NAIROBI,1,1, , , , ,1,1,1,3,2, ,1, ,Mason,2,1, ,1,2,2,N,2, ,1, ,1,7,6,6,6, ,5,1,1,1,1,1,1,1,1,1,7,7,1,1,2,1,1,1,2, ,1,1,1,2,1,2,1,2,1,1,1,4,1,7,7,1,1,7,7,7,1,2,3,"Yes, provides job opportunities",High fees,Reduce fees,No
NAIROBI,1,1, , , , ,2, ,1,3,4, ,2, ,Carpenter,1,2, ,1,1,2, ,2, ,1, ,2,5,7,7,5,4,5,3,4,3,3,1,1,1,4,4,7,4,7,1,7,7,7,3,4,7,7,4,3,4,4,1,7,7,7,7,7,7,7,7,4,1,1,5,5,1,1,2,1,"Yes, it is important because it ma",Employees who think that you,"Lower the price, make the accreditation", 
NAIROBI,1,1, , , , ,2, ,1,2,4, ,1, ,Carpenter,1,2, ,1,2, , ,2, ,1, ,2,4,3,3,5, ,3,3, ,2,2, ,2,1,4,4, ,2,1,1,4,4,5,5,4,4,5,4,5,4,4,3,4,5,6,5,4,5,3,3,3,4,4,2, ,1,2,3,2,Yes,Lack of awareness,The accreditation should be free, 
NAIROBI,1,1, , , , ,2, ,2,4,1, ,6, ,Mason,2,1, ,1,2,2,N,2, ,2, ,1,7,1,1,1,1,1,1,1,1,1,1,1,1,1,1,1,1,1,1,1,1,1,1,1,1,1,1,1,1,1,1,1,1,1,1,1,1,1,1,1,1,1,1,1,1,1,1,1,No,Fees,Reduce fees,N/A
NAIROBI,1,1, , , , ,1,1,1,4,4, ,1, ,Mason,2,1, ,1,2,2,N,2, ,2, ,2,4,1,1,1,1,1,1,1,1,1,1,1,1,1,1,1,1,1,1,3,1,1,1,1,1,1,1,1,1,1,1,1,1,1,1,1,1,1,1,1,1,1,1,1,1,1,1,6,No,High fees,Reduce the fees, 
NAIROBI,1,1, , ,1, ,2, ,1,3,3, ,2, ,Carpenter,2,1, ,1,2,2, ,2, ,2, ,2,6,1,7,7,7,1, ,7,7,7,1,1,1,1,7,7,7,7,1,7,7,7,7,7,7,7,7,7,7,7,7,7,7,7,7,7,7,1,7,7,7,7,7,7,7,1,7,7,No,High fees,Reduce the fees,N/A
KILIFI,1,2,2021, ,2, , , ,2,5,4, ,6, ,Electrician,1,1, ,3,1, , , , , , , , ,7,5,7,3,3,7,7,7,2,3,4,5,5,7, ,5,5,7,5,6,6,5,5,3,4,3,6,5,1,7,7,3,5,3,5,5,3,7,7,4,5,7,7, ,2,1,2,"Yes, because it allows the workers",Lack of information,Enfoercement by NCA staff to ensure that,Proccessing of cards should be done
KILIFI,1,2, , , , ,2, ,1,5,1, ,6, ,Mason,2,1, ,4,2,2, ,2, ,2, ,2,4,5,5,5,3,3,1,1,1,1,1,1,1,1,1,1,4,5,4,1,1,1,1,1,1,1,1,1,1,1,1,1,1,1,1,1,1,3,1,1,1,1,1,1,1,1,1,1, , , , 
KILIFI,1,3,2019, ,1, , , ,1,3,4, ,6, ,Foreman,1,1, ,2,1,2, ,2, ,2, ,3,7,7,7,7,7,4,3,7,7,6,5,5,5,1,4,7, ,5,6,4,7,7,5,5,6,5,7,7,1,1,7,7,1,1,3,6,3,1,7,7,6,3,7,7,3,2,2,1, , , , 
KILIFI,1,2, , ,1, , , ,1,3,1, ,6, ,Mason,2,1, ,2,2, , ,2, ,2, ,3,7,6,6,6,4,7,4,6,4,6,7,6,2,2,6,6,6,7,7,7,7,7,7,7,7,7,6,7,7,7,6,7,6,7,6,7,6,4,7,7,6,7,7,7,7,6,6,4,"Yes, it helps recognize one in the",Access to the information is, , 
TAITA TA,2, , ,2,1,2023, , , , , , , , ,Interior Decorator,1,3, ,2,1, ,G,2, ,2, ,4,7,6,6,5,5,6,6,5,5,5,6,6,6,5,5,6,6,6,6,6,6,5,5,5,6,5,5,5,5,6,6,6,5,5,6,6,6,5,6,5,5,5,6,6,5,5,5,6,Yes,No committment from workers,Lower registration fees,N/A
TAITA TA,1,3,2020, , , , , ,1,3,4, ,3, ,Carpenter,1,2, ,2,1,1,U,2, ,5, ,2,5,6,5,5,5,6,6,6,6,5,5,5,5,6,5,5,5,5, ,6,5,5,5,5,6,5,5,5,5,5,6,6,6,5,6,5,5,5,5,5,5,5,6,6,5,5,5,5,"Yes, it improves quality of constr",Lack of diligence by contract,More frequent trainings by NCA and other,N/A
TAITA TA,1,2, , ,1, , , ,2,2,4, ,6, ,Foreman,1,3, ,1,1, , , , , , , , ,7,7,7,6,6,6,7,5,5,6,5,6,5,6,7,6,6, ,7,6,7,6,6,7,6,5,5,5,6,7,7,7,6,5,6,6,6,7,5,6,5,6, ,5,5,5,5,"Yes, it is imoportant in regulatin",Lack of awareness,More sensitisation,N/A
KWALE,2, , ,1, ,2018, , ,1,6,1, ,4, ,Carpenter,2,1, ,5,2, , ,2, ,2, ,3,6,5,1,1,5,1,5,1,1,5,5,1,1,1,5,1,5,5,1,3,3,1,1,5,1,1,3,3,3,3,3,5,1,5,1,5,3,3,5,5,3,5,5,1,1,5,3,5,It is important because some contr,NCA should conduct more teach,More training to the contractors, 
KILIFI,2, , ,1,6, ,2, ,1,3,4, , , ,Foreman,1,1, ,2,2,2, ,2, ,1, ,4,4,3,3,3,3,3,3,3,3,3,3,3,3,3,3,3,3,3,3,4,4,4,4,4,4,4,4,4,4,4,4,4,4,4,6, , , , , , , , , , , , , ,"Yes, allows easy identification of","Poor internet service, person",Accreditation should be only in Nairobi,Extend the time for accreditation
KWALE,2, , ,2,5,2023, , ,1,2,4, ,2, ,Safety officer,1,1, ,1,1,2, ,2, ,1, ,3,3,7,7,4, ,5, ,5,5,5,4,4,1,1,7,7,7,4,7,7,7,7,7,5,5,6,7,7,2,2,4,4,1,7,5, ,6,7,4,7,4,7,4,7,3, , ,7,"Yes, helps in securing jobs", ,Encourage workers on the mportance of ha,NCA should provide employment opport
KILIFI,2, , ,2,1,2022, , ,1,6,2, ,1, ,Carpenter,1,2, ,3,2, , ,2, ,2, ,3,7,6, ,2,6,2,2,2,2,2,6,6,2,2,6,6,6,6,4,7,7,6,4,5,5,5,5,6,6,5,6,5,2,4,4,5,5,6, ,2,4,5, ,6,6,2,6,6,"Yes, some sites require you to hav",Jobs are not consistent,NCA to communicate the benefits of being,Reduce the fees for site supervisors
KILIFI,2, , ,1, , ,1,3,1,6,2, ,1, ,"Carpenter, Foreman",1,2, ,5,2, , ,2, ,1, ,4,7,7,6,6,6,4,6, ,2,6,4,4,1,2,1,1,1,1,2,6,7,7,1,4,6,6,7,1,1,1,1,1,1,7,6,7,1,6,6,2,6,4,2,4,6,2,7,7, , , , 
MOMBASA,2, , ,2,1,2023, , ,1,4,4, ,2, ,Steel Fixer,1,2, ,4,1, , , , ,2, ,2,7,1,1,1,4, ,1,1,1,1,4,4,4,4,4,4,4,4,3,5,5,7,4,4,4,4,4,4,4,6,4,4, ,4,4,5,5,4,7,4,4,5,5,5,4,5,4,4,Compliance, ,Advertisements, 
MOMBASA,2, , ,1,1, ,1,1,1,2,4, ,6, ,Site Quantity Surveyor,1,3, ,1,1,2, ,2, ,1, ,2,5,7,7,4,7,3,7,4,4,4, ,2,2,5,5,5,4,4,4,5,5,6,4,5,5,4,4,5,3,4,4,4,5,4,5,5,6,6,5,5,5,2,4,3,2,2,7,2,"Yes, it safeguards the public by e",Many requirements,Continous assesment and training of skil, 
MOMBASA,2, , ,2,3,2019, , ,1,4,4, ,3, ,"Electriciaan, Plumber",1,2, ,3,1,2, ,2, ,2, ,4,6,4,5,3,2,3,3,2,2,5,3,4,2,2,4,5,5,3,2,2,2,5,2,1,3,2,2,3,3,2,4,4,4,2,1,1,2,5,5,3,1,1,1,2,1,4,3, ,"Yes, helps one to acquire a job",Time is a limiting factor,Education on the importance of accredita, 
MOMBASA,2, , ,1,1, ,1,1,1,7,1, ,1, ,Electrician,1,1, ,4,1,1, ,2, ,4, ,2,5, ,5,5, ,5,5,7,5, , ,5,5, ,5, ,5,5, ,2, ,1,2,1,1,2,2,1,1,1,2,2,2,5,1,2,2,2,2,1,1,2,3,2,1,2,2,1,It give education to technicians o,Sometimes you run out of work,To improve more accreditation should be, 
MOMBASA,2, , ,2, ,2018, , ,1,3,4, ,2, ,Civil Engineer Technician,2,5,TVET,2,1,1,S,2, ,1, ,3,6,7,7,7,5,7,7,7,7,7,5,5,1,1,4,7,1,1,1,5,4,5,3,4,6,6,6,2,3,2,5,3,1,3,6,4,4,7,7,7,5,5,5,5,5,5,6,1, ,Lack of information,Discouragement from NCA employees, 
MOMBASA,2, , ,1, , ,1,3,1,8,2, ,1, ,Steel Fixer,2,1, ,5,2, , ,2, ,2, ,2,6,7,7,1,1,6,1,6,6,6,2,2,1,7,4,6,1,5,7,7,7,7,7,7,4,6,6,1,1,1,7,7,4,4,4,5,4,1,7,4,7,4,6,4,6,1,7,7,"Yes, card holders are valued, this",Delayed card proccessement an,"More advertisement, more sensitizesion o",More information on NCA mandate and
MOMBASA,2, , ,1, , ,1,2,1,4,5, ,1, ,"Scaffolder, Foreman",1,3, ,4,2,2, ,2, ,1, ,2,7,1,1,1,1,1,1,1,1,1,1,1,1,1,1,3,7,1,1, , ,1,1,1,3,3,1,1,1,1,7, ,3,1,1,1,3,1,1,1, ,1,1,1,1,1,1,1,"Yes, NCA should train workers befo",It is time consuming and the,Train the workers, 
MOMBASA,2, , ,1,1, ,1,3,1,4,4, ,6, ,Site Engineer,1,3, ,4,2, , ,2, ,2, ,8,7,1,1,1,1,6,1,1,6,1,4,6,1,4,1,6,4,4,1,6,6,6,1,4,4,4,4,1,1,3,6,6,6,6,6,6,6,6,6,6,4,4,4,4,1,1,4,4,Yes,"Tedious proccess, lack of onf",Make it easy as ABC and easy on availabl,Conduct site training and site semin
MOMBASA,2, , ,1,5, ,2, ,1,4,5, ,6, ,"Mason, Scaffolder, Steel Fi",2,1, ,1,1,2, ,2, ,1, ,3,6,1,1,1,1,1,1,1,1,1,1,1,1,1,1,1,1,1,1,5,7,4,4,4,5,5,4,4,4,5,4,4,6,4,5,4,4,2,2,2,2,4,4,2,2,2,3,4,"Yes, the recognicion of the educat",The lack of kniowledge about,More fielworks to be carried out and mor,"NCA is a big organisation, keep up t"
KWALE,1,3,2018, , , , , ,1,8,1, ,1, ,Steel Fixer,2,1, ,5,2, , ,2, ,2, ,2,6,3,2,1,1,1,2,3,1,2,3,4,1,1,3,4,4,3,1,1,1,4,4,1,5,3,1,4,1,1,4,3,1,1,3,3,1,3,3,3,1,1,1,1,5,1,1,1,"Yes, to be recognised",High fees,Reduce fees, 
KWALE,1,2,2020, , , , , ,1,6,1, ,4, ,Steel Fixer,1,1, ,5,2, , ,2, ,2, ,2,6,1,7,7, ,7,2,7,2,2,1,2,7, ,7,7,1,1,5,4,2,5,1,7, ,2, ,1,5,3,2,2,2,2,3,2,3,2,1,7,2,4,7,4,1,7,4,2, , , , 
KWALE,1,2,2019, , , , , ,1,4,1, ,4, ,Electrician,1,2, ,4,2, , ,2, ,2, ,2,7,1,3,5,3,1,7,5,5,7,7,6,5,6,7,7,7,6,7,5,7,7,7,5,7,6,7,5,6,7,7,6,7,7,7,7,5,5,7,7,5,5,7,7,5,1,7,5, , , , 
KWALE,1,2,2018, , , , , ,1,7,1, ,4, ,Steel Fixer,2,1, ,4,2, , ,2, ,4, ,2,6,1,1,6,2,2,6,6,6,6,2,2,6,2,4,4,5,5,6,6,6,1,6,6,4,5,5,6,1,1,6,6, ,4,4,5,5,1,7,4,6,4,7,4,3,1,3,3,Identity,Lack of money,N/A, 
KWALE,1,1, , , , ,1,2,1,4,2, ,1, ,Mason,2,1, ,3,1,2, ,2, ,2, ,2,7,5,5,1,1,1,1,1,1,1,7,7,4,4,5,5,1,1,1,1,1,2,1,4,1,1,1,3,1,1,1,3,1,1,1,5,5,1,1,1,3,1,1,4,5,1,1,1,"It is important, some projects req",Failure by NCA to give feedba,NCA needs to take action on the applied, 
KWALE,1,1, , , , ,1,2,1,4,1, ,1, ,Carpenter,2,1, ,5,2, , ,2, ,2, ,2,6,1,1,6,6,7,6,6,7,6,6,6,6,1,4,5,1,1,1,6,6,6,4,6,4,6,6,4,1,4,7,4,4,4,4,5,5,5,5,5,4,4,5,5,5,2,5,5,Acceptance by all employers,Delayed cards,NCA should enhance site visits, 
MALINDI,1,1, , , , , , ,1,4,1, ,3, ,Mason,2,1, ,3,2, , ,2, ,2, ,2,5,1,1,5,4,1,1,1,2,2,6,6,4,4,1,1,4,4,4,4,4,4,4,5,4,4,4,4,1,1,1,4,1,4,4,4,4,4,5,4,4,1,5,4,3,5,4,4,I beleive the card can help you to,Cost and time going to NCA of,NCA to visit sites and sensitive workers, 
MALINDI,1,3,2015, , , , , ,1,4,2, ,1, ,Carpenter,2,1, ,4,1,2, ,2, ,2, ,2,7,6,6,1,1,7,1,1,1,1,3,3,3,3,5,5,1,1,1,6,6,1,1,5,5,1,1,3,1,1,6,3,1,1,1,5,5,1,1,1,1,1,5,3,2,2,2,2,"It is important, you cannot work o",Inconsistency on the flow of,NCA to approach the construction compani, 
KILIFI,1,1, , , , , , ,1,2,4, ,1, ,Civili Engineer,1,3, ,1,2,2, ,2, ,1, ,2,1,2,1,1,2,1,4,2,4,4,4,4,4,4,4,4,4,4,4,4,5,4,4,4,5,5,5,5,5,5,4,4,4,4,5,4, ,5,4,4,4,4,4,4,4,4,4,4, , , , 
KILIFI,1,1, , , , ,2, ,1,5,2, ,6, ,Plant Mechanic,1,1, ,3,2,2, ,2, ,2, ,3,7,1,1,5,1,1,5,5,3,5,3,3,1,5,5,5,5,5,4,7,5,4,4,4,7,5,5,7,4,4,5,7,4,5,5,7,1,5,5,7,5,7,7,7,4,5,4,4, , , , 
KILIFI,1,1, , , , ,2, ,1,6,1, ,6, ,Plant Operator,1,1, ,3,2,2, ,2, ,2, ,2,7,5,1,5,1,1,5,5,1,1,1,1,1,1,1,3, ,1,3,7,7,5,1,3,4,1,1,7,1,1,7,7,7,7,7,7,1,1,7,5,7,1,7, ,7,1,4,5, , , , 
MOMBASA,1,1, , , , , , ,1,4,1, ,6, ,Steel Fixer,2,1, ,5,2,2, ,2, ,2, ,3,6,1,1,7,6,6,5,5,5,5,3,5,4,4,1,4,1,1,1,7,3,3,4,5,1,1,5,6,1,1,6,1,4,4,4,4,6,1,6,5,6,5,6,5,5,1,1,4,"It is important, accreditation giv",No NCA officers around to see,Build more NCA offices around to access,NCA to increase more visits to the s
MOMBASA,1,1, , , , ,2, ,2,3,6, ,1, ,PM on Construction,1,3, ,1,1,2, ,2, ,1, ,1,7,5,5,5,5,7,4,4,4,4,4,4,1,4,5,5,4,4,1,7,4,4,4,5,4,5,4,5,4,4,5,4,4,4,4,4,7,4,5,5,5,4,5,5,4,4,4,4,"Yes, because it increases your cha","Ignorance, finance and access","More empowerment, bring the service clos",I think NCA should also teach awaren
MOMBASA,1,1, , , , ,1,1,1,4,3, ,2, ,Plant Operator,1,2, ,2,1,2, ,2, ,1, ,2,7,7,7,1,6,7,7,7,6,5,1,1,1,1,4,7,7,7,1,7,7,7,4,7,1,7,1,7,7,7,7,7,7,7,7,7,6,6,7,5,5,7,6,6,3,7,1,1,"Yes, because of my few understandi",A barrier can be like that of,NCA officers should prolong the deadline,NCA officers should also check on ou
MOMBASA,1,1, , , , ,2, ,1,2,1, ,5, ,Steel Fixer,2,1, ,1,1,1, ,2, ,4, ,6,7,1,1,1,1,6,1,1,1,6,6,6,6,1,4,4,4,4,4,4,5,6,4,4,4,5,5,1,1,4,1,1,4,4,4,4,4,1,1,4,1,4,7,4,6,6,4,4,No,Not aware of the benefits,More sensitisation,N/A
MOMBASA,1,1, , , , ,2, ,1,3,1, ,6, ,Steel Fixer,2,1, ,1,2,2, ,2, ,3, ,2,7,1,1,1,1,7,1,1,1,6,6,6,1,4,4,4,4,4,4,4,5,6,4,4,4,5,5,1,1,4,1,1,1,1,4,4,1,1,3,1,1,3,7,4,5,6,6,6,No,Am not aware of the benefits,More sensitisation, 
MOMBASA,1,1, , , , ,2, ,1,4,0, ,0, ,Mason,2,1, ,5,2, , ,2, ,2, ,2,4,1,1,1,1,4,1,1,1,5,5,5,1,1,4,4,4,4,4,4,4,4,4,4,4,6,6,1,1,1,1,1,4,4,4,4,4,4,4,4,1,4,1,4,7,7,1,4,N/A,Lack of onformation,Increased enforcement by NCA, 
MOMBASA,1,1, , , , ,2, ,1,2,2, ,6, ,"Steel Fixer, Foreman",2,1, ,1,1,1,T,2, ,2, ,6,7,1,7,2,4,1,5,6,7,7,1,5, ,4,7,7,7,5,7,7,5,6,2,5,7,6,3,1,4,1,7,5,7,7,7,2,7,1,7,7,4,3,7,2,7, ,3,7,"Yes, because they give the youth o",Lack of job opportunities and,Through encouraging the youth to apply t,They should give the youth more oppo
MOMBASA,1,1, , , , ,1,1,1,3,2, ,1, ,Steel Fixer,1,1, ,2,2,2, ,2, ,2, ,2,7,7,7,4,7,7,1,7,7,4,7,7,1,1,7,7,7,7,1, ,7,7,6,7,6,4,4,7,7,7,7,7,7,7,7,7,7,7,7,7,7,7,7,7,7,4,7,7,"Yes, gives the construction worker",Most construction workers hae,Put more efforts on encouraging the yout, 
MOMBASA,1,3,2019, , , , , ,1,2,2, ,7, ,Carpenter,2,1, ,2,2, , ,2, ,1, ,2,5,5,5,7,2,2,7,7,7,5,7,5,7,7,5,7,5,7,7,5,5,3,3,3,6,3,3,5,2,2,5,5,2,2,3,5,5,3,5,5,6,3,5,5,5,5,5,3,The card is demanded when seeking,Financial barrier, , 
MOMBASA,1,1, , , , ,1,1,1,2,2, ,3, ,Steel Fixer,2,1, ,1,2,2, ,2, ,2, ,2,5,1, , , , , , , , , , , , , , , , , ,7,1,5,2, ,2,5,5, ,5,2,5, ,5,2,7,2,2,2,2,4,4,4,4,4, ,4, ,4,It is important, ,To be cormercially covered, 
MOMBASA,1,1, , , , ,2, ,1,3,2, ,6, ,Steel Fixer,1,1, ,2,2, , ,2, ,2, ,2,7,7,7,7,7,7,7,2,7,7,7,5,5,5,7,7,7,7,7,7,7,7,5,7,5,7,7,7,5,5,5,5,5,7,7,7,7,7,5,7,5,7,5,7,5,5,7,7,"Yes, because it helps one get job",High cost of application and,"Make the proccessing free of charges, ma",Should help incase of injury at work
MOMBASA,1,1, , , , ,1,1,1,4,4, ,6, ,Carpenter,1,1, ,2,2,2, ,2, ,2, ,3,7,5,6,3,3,5,3,6,4,4,4,4,2,2,3,4,3,3,2,4,3,4,4,3,3,3,3,2,3,4,4,4,4,3,4,4,5,4,4,3,3,4,4,3,3,2,3,3,"Yes, to improve quality and skill",Accessibility and cost,Reduce cost and provide accessibility,No
MOMBASA,1,1, , , , ,2, ,1,4,1, ,6, ,Carpenter,2,1, ,5,2,1, ,2, ,2, , ,7,7,7,7,7,7,7,4,4,7,7,7,7,7,7,7,7,7,7,7,7,7,7,7,7,7,7,7,7,7,7,7,7,7,7,7,7,7,7,7,7,7,7,7,7,7,7,7,Yes,Yes,Yes,No
MOMBASA,1,1, , , , ,2, ,1,2,4, , , ,Mason,1,2, ,1,2,2, ,2, ,1, ,2,5,5,6,3,4,5,5,5,3,5,3,3,2,4,4,4,3,4,3,5,6,5,4,5,5,6,5,4,5,3,5,4,5,7,5,5,3,6,4,5,4,5,3,4,3,3,5,5,"Yes, it gives construction workers",Lack of learning and training,There should be training available for t, 
MOMBASA,1,3,2020, , , , , ,1,3,4, ,6, ,Foreman,1,5,Institut,1,1,1,I,2, ,1, ,2,2,6,7,6,7,7,6,7,7,7,5,6,7, ,7,7,7,7,2,7,6,7,5,7,7,5,7,6,7, ,4,7,6,7,7,6,7,7,7,6,7,7,7,7,6,7,4,7,I strongly agree that accreditatio,The barrier of accreditation,The skilled should be provided with a ba,I like accreditation of a constructi
MOMBASA,1,1, , , , ,1,1,1,3,2, ,1, ,Steel Fixer,2,1, ,5,2,2, ,2, ,3, , ,7,1,1,1,1,1,6,6,6,6,1,6,1,1,5,5,1,1,1,1,6,6,1,1,6,6,1,1,1,1,1,1,1,1,1,6,6,1,1,1,1,6,1,5,1,1,2,2,"No, because I have not seen its im",Faithfulness to the officers,Being faithful when workers apply and ma, 
WEST POK,1,1, , , , ,1, ,1,3,2, ,3, ,FOREMAN,1,1, ,1,1,2,N,2, ,1, ,2,7,5,5,4,5,6,6,6,5,6,5,6,5,6,7,7,7,5,7,5,6,5,6,6,6,6,7,6,7,7,7,7,7,7,7,7,7,7,6,6,6,6,6,6,6,6,6,6,"yES, BECAUSE IT GIVES THE WORKERS",wORKERS MAY ADVENTURES AND EX,cONSTRUCTION WORKERS SHOULD BE MORE INTO, 
NANDI,1,1, , , , ,1,1,1,7,1, ,1, ,PLUMBER,1,2, ,5,1,1,O,2, , , ,3,7,7,7,7,7,7,7,7,7,7,7,7,7,7,7,7,7,7,7,7,7,7,7,7,7,7,7,7,7,7,7,7,7,7,7,7,7,7,7,7,7,7,7,7,7,7,7,7,YES,LACK OF AWARENESS,MORE AWARENESS, 
NANDI,1,1, , , , , , ,1,4,0, ,0, ,FOREMAN,2,1, ,5,2, , ,2, ,1, ,4,6,7,7,7,7,1,1,7,4,4,4,4,4,1,4,7,7,7, ,7,7,4,6,1,2,2,3,4,4,4,7,5,5,5,4,4,4,2,2,2,3,4,5, ,5,2,3,5,YES,IGNORANCE AND LACK OF KNOWLED,INCREASE AWARENESS, 
NANDI,1,1, , , , , , ,1,4,0, ,0, ,STEEL FIXER,2,1, ,2,2, , ,2, ,2, ,1,6,7,4,1,1,2,1,7,4, ,1,4,5,6,7,7,7,7, ,4,5,6,7,5,6,7,7,7,7,7,7,6,5,4,4,5,6,7,6,5,6,7,6,5,6,7,6,7,"YES, REQUIRED BY OTHER SITES",MONEY AND TIME,REDUCTION OF APPLICATION FEES, 
NANDI,1,1, , , , , , ,1,5,1, ,1, ,CARPENTER,2,1, ,3,1,1,O,2, ,1, ,3,6,7,4,7, ,7,5,3, ,2,7,7,7,4,1,7,7,7, ,5,6,6,7,7,6,7,6,7,6,5,5,4,4,3,4,5,6,7,6,5,6,4,2,3, ,1,3,5,"YES, REQUIRED IF NCA OFFICERS VISI",IGNORACE BY THE WORKERS TO AP,CREATE AWARENESS AND ADVOCATE CONSTRUCTI,APPLIED FOR THE CARD SEVERALLY BUT N
UASIN GI,1,2, , , , , , ,1,5,2, ,6, ,CARPENTER,2,1, ,3,1, ,N,2, ,1, ,2,6,5,5,5,3,3,5,5,5,3,1,1,1,1,5,5,5,5, ,5,5,3,5,3,4,5,5,4,4,4,5,5,5,5,5,5,5,7,6,4,4,4,4,4,4,3,4,4,"YES, ENHANCES RECOGNITION",NONE EXPERIENCED OTHER THAN T,REDUCE CHARGES OF ACCREDITATION OF CONST,N/A
UASIN GI,1,1, , , , , , ,1,5,2, ,0, ,MASON,2,1, ,1,1, , ,2, ,2, ,2,6,1,1,1,4,4,4,2,2,4,1,3, ,4,5,5,5,6, ,3,2,4,5,5,5,6,5,4,4,7,6,6,7,7,4,4,4,5,5,6,6,6,6,7,5,6,6,7,YES,TIME,"ONLY FREE ON SUNDAY AND CLOSE AT 5PM, SI", 
UASIN GI,1,1, , , , , , ,1,6,1, ,1, ,MASON,2,1, ,4,2, , ,2, ,1, ,2,4,1,4,7,4,7,4,7,4,4,1,2,1,4,7,7,7,7, ,7,7,7,4,4,4,7,6,6,4,4,2,7,4,6,7,7,7,4,7,4,4,4,7,7,1,7,4,4,"YES, IT IS HIGHLY ADVANTAGIOUS WHE","TIME, ONLY FREE ON SUNDAY WHE",NCA OFFICERS TO VISIT SITES, 
UASIN GI,1,1, , , , , , ,1,5,3, ,1, ,MASON,2,1, ,2,1, ,N,2, ,1, ,2,5,7,7,3,1,7,1,7,7,6,1,6,6,6,7,6,1,1, ,7,7,1,7,6,7,4,3,6,4,4,7,7,7,7, ,7,7,7,6,5,7,4,4,4,2,2,7,7,"YES, SOME EMPLOYERS WANT TO SEE TH","LACK OF AWARENESS, HIGH FEES","CREATE MORE AWARENESS, REDUCE APPLICATIO",FOLLOW UP ON ACCREDITATION APPLIED I
UASIN GI,1,1, , , , , , ,1,4,2, ,6, ,CARPENTER,2,1, ,4,2, , ,2, ,2, ,2,5,4,4,5,4,3,4,3,3,3,4,4,3,3,4,4,4,4, ,5,5,4,4,4,3,3,3,4,4,4,5,5,4,4,4,5,5,5,5,4,6,4,4,4,5,3,4,4,"YES, PROMOTES RECOGNITION ACCROSS","TIME CONSTRAIN, NO ENOUGH TIM",NCA SHOULD ENHANCE MORE VISITS TO SITES,N/A
UASIN GI,1,1, , , , , , ,1,3,3, ,1, ,ELECTRICIAN,1,2, ,3,1,1,O,2, ,2, ,2,4,7,7,7,7,3,3,4,5,6,7,7,7,7,6,6,7,7, ,4,5,6,7,6,5,6,7,5,6,7,7,6,4,4,5,5,5,5,5,6,7,3,4,4,4,5,6,7,"YES, FOR RECOGNISION",IGNORANCE BY WORKERS,MORE AWARENESS, 
UASIN GI,1,1, , , , , , ,1,5,2, ,6, ,MASON,2,1, ,3,2, , ,2, ,2, ,2,5,5,5,5,4,4,4,5,5,5,4,3,3,3,5,5,4,4, ,6,6,4,4,4,5,4,4,5,5,4,5,5,4,4,5,5,4,4,5,4,5,4,4,4,4,4,4,4,"YES, FOR RECOGNISION AS A SKILLED",FEES CHARGED,INCREASE SENSITISATION, 
UASIN GI,1,1, , , , , , ,1,1,2, ,0, ,MASON,2,1, ,1,2, , ,2, ,2, ,1,7,4,5,7,4,7,4,5,4,4,5,5,6,4,7,7,4,5, ,7,7,7,7,7,7,7,6,7,6,6,7,6,6,7,7,6,7,4,5,4,6,4,5,7,6,7,7,6,"YES, IT GIVES RECOGNISION", ,ADVERTISEMENT,BY BEING ACCREDITED BY NCA CAN HELP
UASIN GI,1,1, , , , , , ,1,3,1, ,6, ,STEEL FIXER,2,1, ,1,2, , ,2, ,2, ,2,7,7,6,6,6,7,7,6,7,6,5,4,5,6,7,5,7,5, ,4,5,6,5,6,7,7,7,6,5,6,7,6,7,6,7,6,5,6,7,5,6,7,5,6,7,6,6,7,"YES, BECAUSE WHEN YOU GO SOMEWHERE",FEES,ADVERTS,ACCREDITATION IS BERY IMPORTANT BECA
UASIN GI,1,1, , , , , , ,1,9,2, ,5, ,STEEL FIXER,2,1, ,2,2, , ,2, ,2, ,2,7,5,6,7,5,6,7,7,7,7,7,6,6,7,7,5,5,5, ,4,4,5,5,6,6,6,6,7,7,7,4,4,5,6,1,4,4,4,4,4,5,6,7,7,7,6,6,6,"YES, BECAUSE IT HELPS IN IDENTIFIC",BENEFITS,THROUGH ADVERTS,APPRECIATING THE WORK OF THE NCA IN
UASIN GI,1,1, , , , , , ,1,3,2, ,6, ,CARPENTER,2,1, ,4,2, , ,2, ,2, ,2,7,6,7,6,7,5,5,5,5,6,7,6,6,6,7,4,4,4, ,4,4,4,5,5,4,5,7,7,7,5,6,6,6,7,5,6,6,7,7,7,6,6,7,6,7,6,7,6,"YES, BECAUSE IT ACTS AS A PROTECTI","TIME FACTOR, MOST OF THE TIME",SITE VISITS TO ENCOURAGE PEOLE TO HAVE I,IT IS IMOPORTANT TO HAVE AN NCA CARD
UASIN GI,1,1, , , , , , ,1,2,2, ,0, ,CARPENTER,2,1, ,1,2, , ,2, ,1, ,1,6,4,5,6,5,5,7,7,7,7,7,6,5,5,6,6,6,7, ,4,5,6,7,5,6,7,6,5,6,4,5,6,7,7,5,5,5,6,6,6,6,6,5,5,5,6,7,7,yES THEY CAN HELP YOU,THERE IS NO TIME,PUBLICITY, 
UASIN GI,1,1, , , , , , ,1,6,4, ,5, ,MASON,1,2, ,2,2, ,N,2, ,4, ,4,6,6,5,7,4,6,3,7,7,4,2,1,2,2,2,7,2,6, ,6,7,6,6,6,6,6,5,5,4,2,6,6,4,7,6,6,7,7,7,5,4,5,2,7,4,2,4,4,YES,IGNORANCE AND LACK OF PROPER,CONSTRUCTION WOKRERS AND SITE SUPERVISOR,N/A
UASIN GI,1,1, , , , , , ,1,4,2, ,6, ,MASON, ,1, ,2,2, , ,2, ,2, ,2,7,4,5,6,4,5,7,7,7,7,7,6,5,4,4,6,7,7, ,5,6,5,6,7,5,6,7,5,6,7,5,6,7,6,4,5,5,5,6,6,7,7,6,5,6,7,6,5,"YES, BECAUSE YOU CAN SUPERVISE AT",TIME BECAUSE WE ARE AT WORK F,NCA PEOPLE TO BE WALKING IN SITES AND EN,NCA IS GOOD BECAUSE IT FAVOURS CONST
UASIN GI,1,1, , , , , , ,1,3,6, ,1, ,MASON,1,3, ,1,2, , ,2, ,1, ,1,5,6,6,6,6,4,4,6,6,6,4,6,4,4,5,6,5,5, ,4,5,4,4,4,5,4,3,4,4,4,5,5,4,6,6,4,5,5,5,4,4,4,4,4,4,4,5,4,YES IT SHOWS ONES QUALIFICATION,ILLITERACY,ALOT OF PUBLIC AWARENESS AND TRAININGS,N/A
UASIN GI,1,1, , , , , , ,2,5,0, ,1, ,MASON,2,1, ,2,2, , ,2, ,2, ,1,4,5,3,7,4,5,6,7,4,5,3,3,2,3,6,6,6,6, ,5,5,3,3,4,6,4,4,4,4,4,4,5,4,4,4,5,6,5,6,4,4,4,6,6,6,5,5,5,YES HELPS PEOPLE TO BE ACCOUNTABLE,"LACK OF KNOWLEDGE, IGNORANCE",MORE SITE VISITS,N/A
UASIN GI,1,1, , , , , , ,1,3,6, ,4, ,MASON,2,1, ,2,1,1,V,2, ,2, ,4,6,6,7,5,6,6,6,6,6,4,3,3,2,2,3,4,5,4, ,7,6,7,6,5,6,6,4,6,4,4,6,6,5,5,7,6,7,6,6,7,6,5,7,5,6,5,6,7,YES,TIMELINES,REDUCING ACCREDITATION FEES,N/A
UASIN GI,1,3,2022, , , , , ,1,3,3, ,7, ,CARPENTER,1,2, ,3,1, ,H,2, ,2, ,3,7,7,5, ,4,7,3,3,3,4,4,6,1, ,6,7,7,7, ,7,6,7,5,7,7,4,4,6,4,4,4,7,7,6,7,7,7,7,7,6,7,7,7,7,4,4,4,4,"YES, ACCREDITATION MAKES SURE THAT",SOME CONSTRUCTION WORKERS MAY,"REDUCE RENEWA/REGISTRATION FEES, ENCOURA",N/A
UASIN GI,1,2,2020, , , , , ,1,7,1, ,1, ,MASON,2,1, ,5,2, , ,2, ,2, ,2,6,4,4,7, , ,4,1,1,1,1,1,1,1,7,7,7,7, ,4,3,4,4,1,5,4,4,4,4,3,4,1,1,1,1,7,7,7,5,5,5,5,4,7,1,3,1,4,NOT REALLY,THE APPLICATION FEE IS TOO HI,APPLICATION FEE TO BE REDUCED,FOLLOW UP ON APPLIED CARDS ON CITIES
UASIN GI,2, , ,2,1,2023, , ,1,3,4, ,2, , ,1,2, ,2,1, , ,2, ,2, ,2,7,7,6,7,6,7,6,7,6,7,5,4,5,6,7,5,6,7, ,4,5,5,6,7,6,6,6,5,5,5,7,7,7,6,5,5,5,5,6,6,6,7,7,7,7,7,7,7,YES BECAUSE WHEN YOU HAVE AN NA CA,GETTING A JOB IS HARD,BY CHANGING THE NCA MANAGEMENT,NCA WORK IS PERFECT BECAUSE THEY VIS
UASIN GI,2, , ,2,1,2023, , ,1,3,4, ,5, ,CARPENTER,2,1, ,2,2, , ,2, ,2, ,2,7,4,5,6,7,7,7,7,7,7,6,5,5,5,5,5,5,7, ,7,7,7,7,6,6,6,6,6,6,7,5,5,7,7,4,5,6,7,7,6,6,6,6,7,7,7,5,5,"YES, BECAUSE SOME PLACES THEY DONT",ITS ALL ABOUT CONNECTIONS,FAIRNESS,IF THERE IS WORK NCA SHOULD CALL PEO
ELGEYO M,1,1, , , , ,2, ,1,2,2, ,1, ,WELDER,1,1, ,1,2,2,N,2, ,2, ,2,7,5,5,5,7,4,4,7,7,7,4,4,1,3,3,3,3,4,1,1,4,4,4,3,3, ,7,7,4,4,3,4,7,7,7,4,7,1,3,7,4,7,4,4,3,1,1,4,YES IT EXPANDS THE MINDS OF WORKER,IT HELPS IN THE SPECIFICATION,REACHING THOSE WORKERS WHO ARE IN RURAL,I FULLY AGREE WITH ACCREDITATION OF
ELGEYO M,1,1, , , , ,1,1,1,7,2, ,6, ,"MASON, CARPENTER, SCAFFOLDE",1,2, ,5,1,2, ,2, ,2, ,2,1,1,1,1,5,1,1,7,7,7,4,4,4,4,7,7,1,1,1,1,1,1,4,2,7,2,7,5,7,7,1,7,7,7,4,4,4,7,7,7,6,6,7,7,1,1,1,4,YES,"ACCESSIBILITY TO NCA, DISTANC","EXPAND REACH OF OFFICES, UNDERTAKE ACCRE",N/A
TRANS NZ,1,1, , , , ,1,1,1,5,2, ,1, ,STEEL FIXER,1,1, ,3,2,2, ,2,I,1, ,3,7, , , , , , , , , , , , , , , , , , ,7,7,7,7,7,7,7,7,7,7,7,7,7,7,7,7,7,7,7,7,7,7,7,7,7,7,7,7,7,YES OFCOUSE BACAUSE IT IS THE KEY,TO WORK IN A SAFE WAY WHEN WO,SEND MORE OFFICERS TO WORK SITES, 
TRANS NZ,1,3,2020, , , , , ,1,4,2, ,1, ,CARPENTER,1,2, ,4,1,2, ,2, ,2, ,4,7,7,7,7,7,7,7,7,7,7,7,7,7,7,7,7,4,7,7,7,7,7,7,7,7,7,7,7,1,7,7,7,1,4,7,7,7,7,7,7,7,4,7,7,7,1,7,7,YES HELPS ONE GET JOB EASILY AND H,NONE,"WAIVER FEES, BE AVAILABLE TO ACCREDITE A",THANK YOU NCA
TRANS NZ,2, , ,2,1,2017, , ,1,5,4, ,4, ,MASON,1,3, ,3,1,1,I,2, ,5, ,4,6,4,5,6,7,5,6,7,5,5,6,7,5,7,5,6,7,7, ,4,5,5,6,6,6,7,7,7,7,5,6,6,7,7,4,5,5,5,6,6,6,6,7,5,5,5,6,6,YES BECAUSE YOU CAN BE ABSORBED EA,IGNORANCE AND LACK OF SENSITI,CONSIDER TRAININGS AND ACCREDITATION SHO,N/A
TRANS NZ,2, , ,1,1, , , ,2,2,4, ,2, ,"MASON, CARPENTER",1,2, ,1,1, ,I,2, ,1, ,3,7,7,7,7, ,7,5,7,6,5,7,5,5, ,7,7,7,7, ,7,7,7,5,5,7,7,5,6,4,5,7,7,6,7,7,5,6,7,5,6, ,6,4,7,1,1,2,2,ACCREDITATION OF CONSTRUCTION WORK, ,REACH OUT TO MANY CONSTRUCTION WORKERS A,ACCREDITATION IS VERY IMPORTANT BECA
KAKAMEGA,2, , ,2,1,2023, , ,2,7,7, ,1, ,SAFETY OFFICER,1,1, ,5,1,1,O,2,N,1, ,4,7,5,5,6,6,6,6,6,6,6,6,6,6,6,6,6,6,6, ,6,6,6,6,6,6,6,6,6,6,6,6,6,6,6,6,6,6,6,6,6,6,6,6,6,6,6,6,6,YES,LACK OF INFORMATION,SEND MORE OFFICER TO EXPLAIN TO WORKERS, 
KAKAMEGA,1,3,2023, , , ,1, ,1,7,3, ,1, ,STEEL FIXER,1,2, ,5,1,2,N,1, ,1, ,9,1,6, , , , , , , , , , , , , , , , ,6, , , , , , , , , , , , , , , , , , , , , , , , , , , , , ,IT ENBLES WORKERS TO BE CLASSIFIED,THE BARRIER IS DISTANCE OF TH, , 
KAKAMEGA,1,1, , , , ,1,1,1,5,4, ,1, ,SAFETY OFFICER,1,1, ,2,1,1,O,2, ,2, ,7,7,7,6,7,6,7,7,7,7,7,7,7,6,6,6,6,6,6,6,7,7,7,7,7,7,7,7,7,7,7,7,7,7,7,7,7,7,7,7,7,7,7,7,7,7,7,7,7,YES,LACK OF INFORMATION,MORE SENSITIZATION,KEEP UP THE CAMPAIGN ACCROSS THE COU
KAKAMEGA,1,1, , , , ,1,1,1,5,2, ,1, ,STEEL FIXER, ,1, ,1,2,2, ,2, ,2, ,2,7,6,6,7,7,7,6,7,7,7,7,6,4,4,7,6,4,4,7,4,7,6,6,7,7,4,7,6,7,6,6,7,6,7,7,6,7,4,7,6,4,6,7,6,6,6,7,1,YES THE RATING OF THE WORKER WILL,SHOULD BE FREE FOR ALL WORKER,IT IS GOOD TO BRING EARLY INFORMATION WH,IT IS IMPORTANT FOR NCA TO GIVE THE
KAKAMEGA,1,1, , , , ,1,1,1,3,1, ,7, ,MASON,2,1, ,1,2, , ,2, ,2, , ,7,7,1,1,7,7,1,7,7,7,4,4,4,4,1,7,4,4,4,7,7,1,7,7,7,7,7,7,7,4,7,7,1,1,1,7,7,1,7,7,7,7,7,7,1,1,1,4,YES,THEY FEAR,VISIT THEM ON SITE, 
KAKAMEGA,1,1, , , , ,1,1,1,8,3, ,7, ,MASON,1,2, ,5,2, , ,2, ,2, , ,7,7,1,7,7,7,1,7,7,7,4,4,4,4,4,7,4,4,4,7,7,1,7,7,7,7,7,7,7,4,7,7,1,1,7,1,7,7,1,7,7,7,7,7,1,1,1,4,YES,THEY FEAR TAXATION,VISIT THE CONSTRUCTION WORKERS ON SITE, 
KAKAMEGA,1,1, , , , ,1,1,1,5,3, ,1, ,"STEEL FIXER, DRIVER",1,1, ,1,1,2, ,2, ,1, ,2,1,7,7,7,7,7,7,7,7,7,7,7,4,4,7,7,7,7,4,1,6,1,5,7,7,1,1,7,7,7,7,7,7,7,7,7,7,7,7,7,7,7,7,7,7,7,7,7,"YES, BECAUSE IT GIVES YOU A GOOD E","MONEY, REQUIREMENTS, DISTANCE",ENCOURAGE MORE PEOPLE,i ENCOURAGE THIS BY NCA
KAKAMEGA,1,1, , , , ,1,1,2,3,3, ,1, ,PLUMBER,1,2, ,1,1,2, ,2, ,2, ,2,1,7,7,1,1, ,7,7,7,7,7,4,4,4,4,1,7,7,4,6,6,1,4,7,7,1,1,7,7,1,7,7,7,1,7,7,7,7,7,7,7,7,7,7,7,1,1,1,YES,"LACK OF FINANCIER, LACK OF CE","ACCESS PHOTO IN NCA, ACCESS PHOTOCOPIER",THE ACCREDITATION MAKES IT EASIER TO
KAKAMEGA,1,1, , , , ,1, ,1,4,3, , , ,SAFETY OFFICER,1,1, ,1,1,22, ,2, ,1, ,2,1,6,6,6,6,6,6,6,6,6,6,6,6,6,6,6,6,6,6,6,6,6,6,6,6,6,6,6,6,6,6,6,6,6,6,6,6,6,6,6,6,6,6,6,6,6,6,6, , , , 
KAKAMEGA,1,1, , , , ,2, ,1,3,4, ,1, ,"ELECTRICIAN, FOREMAN, SAFET",1,4, ,4,1,2, ,2, ,2, ,5,7,3,7,7,7,7,5,5,5,7,3,7,1,1,4,7,7,7,1,7,7,7,6,4,6,1,7,7,7,4,4,4,7,6,7,7,6,6,6,7,6,6,7,4,4,7,6,4, ,MONEY AND WE DO NOT KNOW WHER,"REDUCE THE APPLICATION FEE, PUT THE OFFI", 
KAKAMEGA,1,1, , , , ,2, ,1,2,1, ,0, ,MASON,2,1, ,1,1,2, ,2, ,2, ,1,7,1,1,1,1,1,1,1,1,1,1,1,1,1,1,1,1,1,1,1,1,1,1,1,1,1,1,1,1,1,1,1,1,1,1,1,1,1,1,1,1,1,1,1,1,1,1,1,YES,NO INFORMATION,VISIT SITES AND GIVE INFORMATION AND ACC,GO TO MASHINANI ALSO
BUNGOMA,1,2,2016, , , , , ,1,5,2, ,1, ,CARPENTER,2,1, ,4,2, , ,2, ,2, ,3,5,1,7,7,7,7,7,7,7,4,4,4,5,3,7,7,7,7, ,7,7,7,4,4,2,5,4,5,7,7,4,4,3,3,7,7,7,4,4,4,3,3,3,3,4,4,4,4,YES REQUIRED IN CONSTRUCTION SITES,THE APPLICATION FEES,REDUCE THE FEE CHARGED WHEN APPLYING,CREATE MORE AWARENESS ON THE IMPORTA
BUNGOMA,1,1, , , , , , ,1,4,4, ,0, ,ELECTRICIAN,1,3, ,2,2, , ,1,E,1, ,2,5,1,1,1,2,4,5,3,3,4,5,5,7,5,4,5,2,1, ,4,4,3,4,5,6,7,6,6,7,6,5,5,6,7,4,5,6,7,6,5,6,7,6,5,5,6,7,6,YES IT IS IMPORTANT BECAUSE IT ASS,NO,NO,NO OTHER COMMENTS BUT ALWAYS VISIT T
BUNGOMA,1,1, , , , , , ,1,1,2, ,6, ,MASON,2,1, ,1,2, , ,2, , , ,1,5,4,5,6,5,5,5,6,4,4,4,4,7,7,7,7,7,7,7,4,5,4,4,5,6,7,6,7,5,5,7,7,7,7,4,5,6,7,6,5,5,6,7,6,5,4,3,1,YES BECAUSE WITH THE NCA CARD YOU,TIME FACTOR,NCA SHOULD DO MORE OF THE WALKING TO THE,NCA IS DOING A GREAT JOB
BUNGOMA,1,1, , , , , , ,1,6,2, ,4, ,MASON,2,1, ,3,2, , ,2, ,2, ,2,4,4,5,5,6,7,7,7,7,7,7,7,7,6,6,5,4,4, ,5,5,5,5,6,6,6,6,5,6,7,7,7,7,6,5,5,5,5,5,5,6,6,6,6,6,5,4,7,YS ENHANCES RECOGNISION AND MORE O,CARDS ARE APPLIED BUT NOT YRT,COMMUNICATION ON THE OUTCOME OF ACCREDIT,N/A
BUNGOMA,2, , ,2, ,2023, , ,1,7,8, ,1, ,SAFETY OFFICER,1,1, ,5,1,1,Y,2, ,1, ,9,7,7,7,7,7,7,7,7,7,7,7,7,7,7,7,7,7,7,7,7,7,7,7,7,7,7,7,7,7,7,7,7,7,7,7,7,7,7,7,7,7,7,7,7,7,7,7,7,"YES, TRAINING OPPORTUNITIES, ACCES","LACK OF INFORMATION, FEAR, FI",PROVIDE INFORMATION/ MORE OFFICERS TO GO, 
BUNGOMA,2, , ,1,1, , , ,1,8,4, ,6, ,MASON,2,1, ,1,2, , ,2, ,2, ,1,7,4,5,5,4,5,6,7,5,4,6,7,4,5,7,7,6,5, ,4,4,5,5,5,5,6,7,7,7,7,7,7,7,7,5,6,7,6,6,6,6,6,6,6,7,7,7,7,ACCREDITATION IS IMPORTANT BECAUSE,MOST OF US DONT KNOW NCA,NCA SHOULD DO MORE OF MARKETING ITSELF,N/A
BARINGO,1,1, , , , ,1,1,1,3,3, ,1, ,STEEL FIXER,2,1, ,1,1,2, ,2, ,2, ,1,7,7,7,7,7,7,7,7,7,7,7,7,1,3,7,7,7,7,4,6,6,6,7,7,7,7,7,7,4,4,7,7,7,7,6,6,7,4,6,6,6,4,6,5,5,5,3,4,YES BECAUSE IT ENABLES WORKERS TO,AVAILABILITY OF FUNDS FOR ACC,"ONSITE ACCREDITATION AND EDUCATION, PUBL",N/A
BUSIA,1,1, , , , ,2, , ,2,2, ,1, ,"MASON, LANDSCAPER",2,1, ,1,2, , ,2, ,1, ,2,1,1,1,1,1,1,1,5,3,1,1,1,1,1,1,1,1,1,1,4,5,1,1,1,4,2,1,2, ,1,2,2,1,4,5,4,3,2,4,1,4,2,4,1,2,3,3,1,NO BECAUSE THE PROCCESS IS OF NO B,LACK OF FUNDS AND GENERAL BEN,TRAINING OF THE CONSTRUCTION WORKERS AND,EDUCATE THE CONSTRUCTION WORKERS ON
BUSIA,1,3,2021, , , , , ,1,5,2, ,2, ,MASON,1,1, ,5,2,2,I,2, ,2, ,3, ,7,7,7,7,7,7,7,7, , , , , , , ,7,7,7, ,7,7,4,7,7,7, ,7,4, ,1,7,7, ,7,7,7, , ,7, ,7,7,7,2,1,2,2,YES ALL CONSTRUCTION WORKERS SHOUL, ,TO HELP WORKERS ENHANCE MORE FOR THEIR W, 
BUSIA,2, , ,1, , , , ,1,3,6, ,2, ,CARPENTER,1,1, ,1,2,2, ,2, ,2, ,2,7,7,7,7,7,7,7,7,7,7,7,5,5,3,5,3,3,4,4,1,1,5,7,4,4,1,7,7,4,4,4,4,4,4,7,7,4,4,4,4,7,1,5,4,4,4,4,1,YES IT HELPS CONSTRUCTION WORKERS,IF YOU ARE NOT IN ANY CONSTRU,ENSURE THAT EVERY WORKER AT THE TRADE HA,NCA HAS REALLY HELPED TO CATER FOR T
VIHIGA,1,1, , , , , , ,1,7,2, ,1, ,MASON,2,1, ,5,1, ,N,2, ,2, ,2,5,2,2,2,4,4,3,4,2,2,2,2,2,2,6,6,4,4, ,5,4,4,4,2,4,3,3,4,4,4,4,5,4,4,4,4,4,5,5,4,4,4,4,4,4,4,4,4,"YES, GETS MORE JOB RECOGNITION ON",CHARGES FOR ACCREDITATION ARE,REDUCE CHARGES FOR ACCREDITATION OF CONS,N/A
VIHIGA,1,1, , , , , , ,1,5,2, ,6, ,MASON,2,1, ,3,1, , ,2, ,2, ,2,5,5,5,5,5,6,4,4,3,3,2,2,2,2,4,4,4,4, ,6,6,4,4,4,4,3,3,4,4,4,6,5,4,4,5,5,4,4,4,4,5,4,4,4,4,3,4,4,YES ACCREDITED CONSTRUCTION WORKER,"TIME BARRIER, CONSTRUCTION WO",NCA OFFICERS SHOULD VISIT SITES AND HELP,N/A
VIHIGA,1,1, , , , , , ,1,3,2, ,6, ,CARPENTER,2,1, ,2,1, , ,2, ,2, ,2,5,3,3,4,3,5,3,4,5,5,4,5,5,5,4,4,4,4, ,5,5,4,4,4,4,4,4,5,5,4,4,5,3,3,4,5,4,5,4,4,4,4,4,4,4,3,4,4,"YES, CERTAIN JOBS ARE NOT GIVEN UN",TIME,ENHANCE OUTREACH PROGRAMS,NCA OFFICERS TO VISIT SITES MORE
VIHIGA,2, , ,1,1, , , ,1,3,2, ,2, ,ELECTRICIAN,1,2, ,4,1, ,N,2, ,2, ,2,6,7,7,7,7,7,7,5,5,5,5,6,6,5,5,5,7,7, ,7,7,6,6,6,6,6,6,5,5,6,6,7,6,6,7,6,6,6,6,6,7,7,7,7,7,7,7,7,YES,"TIME, SOMETIMES WE DONT GET T",MORE PUBLICITY, 
 ,2, , ,2,2,2019, , ,1,6,2, ,1, ,Mason,2,1, ,5,2, , ,2, ,4, ,3,7,6,5,7,5,4,6,4,5,6,1,3,4,2,1,4,5,2,7, , , ,7, , ,6, , ,3, , , , , ,6,5,6,5,6,5,6,5,5,5,6,6,6,6, , , , 
 ,1,3, , , , , , ,1,7,1, ,1, ,Foreman,2,5, ,4,1,2, ,2, ,2, ,2,7,6,3,1,1,1,1,7,7,7,1,4,4,3,1,7,5,7,4,7,7,7,1,7,4,2,2,1,1,2,2,4,4,1,4,7,6,2,4,4,7,4, , ,1,1,2,4,"Yes, because inaniprotect kwa kazi",Lack of information and too h,Training, 
 ,1,3, , , , , , ,1,4,2, ,6, ,Mason,2,1, ,2,2, , ,2, ,2, ,3,7,6,5,7,6,7,3,2,6,4,1,2,4,1,7,7,7,1,1,1,2,7,4,3,6,5,6,5,1,2,5,5, ,4,6,7,4, ,6,5,6,5,6,6,1,1,2,4, , , , 
 ,2, , ,1, , ,2, ,1,7,0, ,2, ,Mason,2,1, ,4,2, , ,2, ,2, ,4,5,5,6,5,6,5,6,6,6,6,6,6,6,6,6,6,6,5,6,5,6,6,5,7,7,6,7,6, ,5,7,6,6,7, ,3,4,2,4,3,5,4,3,5,4,3,4,4, , , , 
 ,2, , ,1, , ,2, ,1,3,3, ,1, ,Plant Operator,1,2, ,1,2, , ,2, ,1, ,3,6,6,7,6,6,7,5,6,5,6,5,6,5,6,7, ,2,3,1,2,3,5,3,3,4,5,4,6,3,5,6,5,3,2,5,6,4,7,5,3,5,6,5,6,4,5,6,4, , , , 
 ,2, , ,1, , ,2, ,2,3,0, ,7, ,Mason,2,1, ,2,2,2, ,2, ,2, ,2,5,6, ,5,4,4,5,7,6,5,5,5,5,5,5,5,5,6,6,3,4,2,3,4,5,4,4,5,4,5,4,5,4,5,5,4,5,5,6,5,6,5,6,5,6,5,6,5, , , , 
 ,2, , ,1, , ,2, ,2,4,1, ,6, ,Carpenter,2,1, ,2,2, , ,2, ,2, ,2,6,5,6,6,6,6,7,6,7,7,7,7,7,6,6,6,7,7,6,5,6,5,6,6,6,6,6,6,6,6,6,6,5,6,5,6,5,6,5,6,7,7,7,7,7,5,5,5, , , , 
 ,2, , ,1, , ,2, ,1,3,2, ,3, ,Carpenter,2,1, ,2,2, , ,2, ,2, ,2,7,6,5,6,6,5,6,5,6,5,6,6,6,6,6,6,5,6,6,6,6,6,7,6,6,6,6,6,6,6,6,6,6,6, ,5,6,7,6,7,6,7,6,7,6,7,6,7, , , , 
 ,2, , ,1, , ,2, ,1,3,3, ,6, ,Mason, ,1, ,2,2, , ,2, ,2, ,3,7,5,6,5,6,5,6,6,7,6,7,7,7,7,6,6,6,6,7,6,5,6,5,5,6,6,6,6,6,6,6,6,6,6,5,6,6,6,6,6,6,6,6,7,6,5,6,6, , , , 
 ,2, , ,1, , ,2, ,1,4,2, ,6, ,Carpenter,2,1, ,2,2, , ,2, ,2, ,3,6,5,6,5,6,7,7,7,7,7,6,7,6,7,6,7,6,7,6,5,6,6,6,6,6, ,4,4,3,4,5,4,5,4,4,4,5,6,5,6,5,6,5,6,5,6,6,6, , , , 
 ,2, , ,1, , ,2, ,1,3,2, ,2, ,Mason,2,1, ,2,2, , ,2, ,2, ,2,5,5,6,6,6,7,6,7,6,7,6,4,6,7,6,7,6,5,6,5,6,5,6,7,6,6,6,7,6,7,6,7,6,6,5,6,7,6,6,6,6,7,6,7,7,7,7,7, , , , 
 ,2, , ,1, , ,1,1, , ,1, ,3, ,Carpenter, ,1, ,2,2,2, ,2, ,2, ,3,3,3,4, ,3,5,3,5,6,6,6,5,6,5,6,5,6,7,5,3,5,4,3,3,4,3,4,5,4,5,5,4,5,4,2,3,2,4,5,4,5,4,5,4,5,5,5,6, , , , 
NYAWIRA,2, , ,2,1,2022, , ,1,7,4, ,1, ,Mason,1,2, ,2,2,2, ,2, ,2, ,3,7,7,7,7,6,6,5,6,4,5,6,5,6,7,6,7,6,6,6,6,7,6,7,5,6,5,6,7,5,6,7,5,6,5, ,7,7,7,6,6,6,4,5,6,4,6,4,6,"Yes, it is very important to worke",Lack of trainings,More trainings,N/A
KISII,2, , ,2,3,2020, , ,1,9,4, ,1, ,Plumber,1,2, ,5,2,1,G,2, ,2, ,3,7,6,6,6,6,6,7,7,6,4,3,3,4,3,4,6,5,6,6,6,6,6,5,6,7,6,4,7,5,4,4,6,4,4,7,7,7,4,6,6,7,3,7,6,4,5,6,3,"Yes, allows one to get job immedia",Lack of trainings,Introduce trainings,N/A
KISII,2, , ,2,1,2023, , ,1,9,3, ,1, ,Mason,1,2, ,5,1,2, ,2, ,2, ,3,7,7,7,6,6,5,6,6,6,5,7,4,6,3,6,6,3,3,6,6,6,6,7,6,7,6,7,5,6,5,4,4,6,6,7,7,5,6,5,7,6,3,5,6,4,4,5,2,"Yes, because it regulates the prim",N/A,Always site visits to enable renewal and,N/A
KISII,2, , ,2,1,2021, , ,1,6,3, ,1, ,Mason,1,2, ,5,1,1,G,2, ,2, ,3,6,7,7,7,6,6,5,6,6,4,6,3,4,4,3,4,5,3,6,7,7,7,6,6,6,7,5,6,6,6,5,4,5,6,7,6,6,4,6,6,6,4,6,6,5,4,5,4,"Yes, enables on to get job anywher","Lack of certificate, and lack",Introduce more training,Enable us to do perfect job by intro
NYAMIRA,2, , ,2,2,2022, , ,2,2,3, ,1, ,"Foreman, Electrician",1,2, ,1,1,2, ,2, ,2, ,2,6,6,7,6,5,6,4,6,6,7,6,4,7,3,7,7,2,2,7,6,6,7,6,6,6,7,4,7,6,5,4,4,6,5,7,7,6,4,5,6,5,3,2,6,4,4,5,4,"Yes, very important to us, helps u","Financial, when there are no",Always visit the construction projects t,We appreciate you for your issuance
NYAMIRA,1,1, , , , ,2, ,1,2,1, ,0, ,Mason,2,1, ,1,2, , ,2, ,2, ,2,7,1,1,3,4,3,2,5,5,3,2,2,2,3,2,2,1,1,1,2,2,3,2,3,1,3,3,2,3,4,2,2,3,3,5,5,4,5,4,6,4,5,4,5,4,5,6,7,Yes,Lack of enough information,NCA to pass more information to workers,More accreditation
KISII,1,2,2022, , , , , ,1,4,1, ,6, ,"Mason, Carpenter, Steel fix",2,1, ,2,2,2, ,2, ,2, ,2,7,5,2,5,5,6,5,6,4,3,4,2,1,6,4,4,6,6,7,7,7,7,6,6,7,6,4,7,5,4,4,6,4,4,7,7,6,4,6,6,6,3,6,7,4,5,6,3,Yes it allows workers to work anyw,Lack of required documents,"Always visit the construction sites, int",N/A
NYAMIRA,1,3,2020, , , , , ,1,3,2, ,1, ,"Mason, Steel Fixer",2, , ,2,2,2, ,2, ,2, ,2,7,7,7,7,5,6,4,6,7,7,6,4,7,3,7,7,3,3,7,7,7,7,7,6,6,7,4,7,6,5,4,4,6,5,7,7,6,4,6,7,6,3,6,7,4,4,5,3,"Yes, it eases the work on site","Lack of full documents, inade",Provide more trainings,Provide more skil before accreditati
NYAMIRA,1,3,2023, , , , , ,1,4,3, ,1, ,Mason,1,2, ,2,2, , ,2, ,2, ,3,7,7,6,7,6,6,5,5,6,4,6,7,6,5,6,6,6,6,6,6,6,7,6,5,7,5,4,5,6, ,5,4,5,6,7,7,7,6,5,5,4,5,6,7,5,6,6,5,"Yes, makes work easy",Financial issues,Trainings,N/A
NAKURU,2, , ,1,1, , , ,1,7,2, ,3, ,"Carpenter, Foreman", ,1, ,5,2,1, ,1, ,1, ,3,7,7, ,7, ,7,7,7,7,7,7,7,4,4,6,6,6,6,2,6,2,3,6,6,4,4,7,7,4,4,6,4,4,4, ,5,5,4,6,6,4,4,6,6,4,2,4,4,"Yes, because they can be recognize",Lack of information about acc,Regular seminors and information concern,"You are doing a great job, keep it u"
NAROK,1,3, , , , , , ,1,4,3, ,1, ,Mason,1,2, ,2,2, , ,2, ,2, ,2,4,7,4,7,4,4,5,5,5,6,4,5,5,4,5,4,5,4,4,5,6,5,6,5,6,5,6,6,6,6,7,7,5,5,5,6,5,6,7,7,6,5,6,5,6,6,6,6, , , , 
NAROK,1,3, , , , , , ,1,3,2, ,1, ,Mason,2,1, ,1,2, , ,2, ,2, ,2,4,7,4,7,4,7,6,5,6,6,6,5,6,5,6,5,5,5,6,6,5,6, ,5,6, ,5,5,6,6,6,6,6,4,5,6, ,5,6,5,4,5,5,4,5,4,5,4, , , , 
BOMET,1,1, , , , , , ,1,5,2, ,1, ,Electrician,1, , ,4,2, , ,2, ,2, ,3,4,5,6,6,6,5,5,5,6,5,5,4,5,3,4,5,3,4,5,7,5,5,6,6,6,5,6,5,6,6,6,6,5,6,5,6,5,6,4,5,3,4,4,3,4,3,2,3, , , , 
BOMET,2, , ,2, ,2023,1,1,1,2,4, ,1, ,Electrician,1,3, ,1,1,2, ,2, ,2, ,2,5,5,6,5,6,5,6,5,7,7,7,4,5,5,5,6,6,6,5,5,6,5,6,5,7,7,7,5,6,5,6,5,6,5,5,6,6,6,6,5,6,5,6,5,6,6,5,6, , , , 
BOMET,2, , ,2,1,2023,1,1,1,8,4, , , ,Foreman, , , ,2,1,2, ,2, ,1, ,5,7,7,7,7,7,7,7,7,7,7,7,7,7,7,7,7,7,7, ,7,7,7,7,7,7,7,7,7,7,7,7,7,7,7,7,7,7,7,7,7,7,7,7,7,7,7,7,7, , , , 
NAKURU,2, , ,2,1,2022,1,3,1,4,2, ,1, ,Mason,2,1, ,3,1,2, ,2, ,2, ,3, ,6,6,6,6,5,4,3,5,3,6,5,6,6,6,5,4,6,4,6,5, ,6,3, ,2, , ,3, ,5,4, ,2, , , , , , , , , , , , , , , , , , 
NAKURU,1,2,2023, ,1, ,1,1,1,3,2, ,1, ,Mason,1,4, ,3,2, , ,2, ,2, ,3,5,2,2,2,2,4,3,2,2,2,4,1,1, ,3,5,6,6,7,3,6,4,6,4,2,2,3,5,3,5,6,5,2,4,3,6,6,2,6,2,3,4,6,5,6,2,2,5,"No, there is no benefit at all", , ,To be noticed earlier or to be given
 ,2, , ,2,1,2021,1,1,1,8,2, ,1, ,Mason,1,2, ,5,1,2, ,2, ,2, ,3, ,6,6,6,7,6,6,7,6,6,6,5,2,5,6,7,5,2,7,6,7,7,6,6,7,6,5,6,4,4,7,7,6,6,5,7,6,6,7,6,4,5,7,7,7,2,2,2, , , , 
 ,2, , ,2,1,2020, , ,1,3,2, ,6, ,Mason,2,1, ,3,1, , ,2, ,2, ,2,7,7,7,7,7,7,7,7,7,7,7,7,7,7,7,7,7,7,7,7,7,7,7,7,7,7,7,7,7,7,7,7,7,7,7,7,7,7,7,7,2,7,7,7,7,7,7,7, , , , 
 ,1,1, , , , ,2, ,1,6,4, ,1, ,Steel Fixer,2,1, ,4,2, , ,2, ,2, ,3,7,3,3,3,4,3,6,7,7,4,7,7,1,1,1,1,1,1,1,7,7,7,7,7,4,7,1,1,7,7,4,7,1,1,4,1,6,4,6,3,4,4, , ,1,1,1,1,"Yes, it will benefit the construct","Requirements so many, Cost of","Be done online, that is, the whole procc", 
 ,1,1, , , , ,2, ,1,2,1, ,0, ,Mason,2,1, ,1,2,2, ,2, ,2, ,1,6,6,1,1,1,1,1,1,1,6,1,1,4,4,7,1,4,6,4,1,7,7,7,7,4,7,7,1,1,4,2,4,4,7,4,6,7,6,4,4,7,4, , ,7,3,1,4,"Yes, ni muhimu kujenga nchi",Too much money to register, , 
 ,1,1, , , , ,2, ,1,4,5, ,1, ,Mason,1,3, ,4,1,1, ,2, ,2, ,2,6,6,6,5,3,1,6,3,6,1,1,1,3,2,5,1,1,2,3,7,7,7,2,7,3,2,3,3,3,1,1,2,2,1,7,7,7,3,3,7,3,7, , ,7,1,1,3, , , , 
 ,1,1, , , , ,2, ,1,3,2, ,5, ,Mason,1,1, ,1,1,2, ,2, ,2, ,2,6,3,4,5,4,4,1,7,7,4,1,1,4,4,1,1,1,2,4,2,5,4,7,6,4,1,2,1,4,4,1,4,1,4,4,5,7,1,4,4,1,4, , ,7,7,7,4,"Yes, because we need protection",Lack of information,"Proccess of registration, Increase train",To speed the proccess
 ,1,1, , , , ,2, ,1,6,2, ,2, ,Mson,2,1, ,2,1,1, ,2, ,2, ,2,6,6,6,4,7,1,4,1,1,7,1, ,4,4,4,1,4,6,4,4,7,1,2,6,4,6,2,4,1,4,2,4,4,6,4,6,6,6,4,4,7,4, , ,2,1,1,2, ,"Yes, Kwa sababu wanatujali",Kutokujua,Kukosa ujumbe
 ,1,1, , , , ,2, ,1,3,2, ,1, ,Mason,1,2, ,2,1,1,E,2, ,2, ,3,7,7,7,5,7,7,7,6,6,6,7,6,5,5,7,7,7,7,7,7,7,7,6,7,7,7,7,5,5,4,7,7,7,7,4,7,7,7,7,5,4,5,7, ,2,1,1,4,"Yes, they are important by ensurin","Lack of information, More req","Reduced fee, Increased training, Procces", 
 ,1,1, , , , ,2, ,1,1,1, ,1, ,Mason,2,1, ,1,2,2, ,2, ,2, ,2,6,6,4,1,4,1,1,6,6,6,1,1,1,4,6,2,4,4,1,4,4,7,1,1,4,1,2,1,1,2,1,4,4,1,4,7,7,2,4,4,7,4, , ,1,1,2,4,"Yes, because I know that my wages",Lack of information,"Regular visits on sites, Advertisements,", 
 ,1,1, , , , ,2, ,1,1, , ,0, ,Mason,2,1, ,1,2,2, ,2, ,2, ,2,6,6,6,1,1,1,1,4,6,1,1,4,4,1,1,4,4,1,1,6,6,7,2,4,1,1,1,1,4,3,3,4,4,1,4,6,7,1,4,4,7,4, , ,2,1,2,4,"Yes, kw sababu ntajua haki yangu",Lack of information,More training, 
 ,1,1, , , , ,2, ,1,4,2, ,1, ,"Mason, Carpenter, Plumber,",2,1, ,2,2,2, ,2, ,2, ,2,6,6,4,1,4,1,1,4,1,6,1,1,1,4, ,1,4,1,4,4,7,7,2,2,4,2,1,1,1,4,2,4,4,1,4,6,7,2,4,4,7,4, , ,2,1,2,4,"Yes, because it has enlightened me",Lack of adequate information,Enlighten others more on the benefits an, 
 ,1,1, , , , ,2, ,1,2,2, ,5, ,Mason,2,1, ,1,2,2, ,2, ,2, ,1,6,6,1,4,1,1,7,4,2,3, ,1,4,4,4,2,4,2,4,3,4,5,3,2,4,2,2,1,1,4,2,4,4,1,4,2,6,2,4,4,5, , , ,3,1,2,4,Yes,Hatujui, , 
 ,1,1, , , , ,2, ,1, ,2, ,1, ,Mason,2,1, ,1,1,2, ,2, ,2, ,2,6,5,5,1,3,1,1,4,5,5,1,1,4,4,4,5,2,3,5,3,6,7,3,3,4,1,5,1,1,4,1,4,4,1,4,5,7,1,4,4,5,4, , ,1,1,1,4,"Yes, because it values the workers",Lack of information,Workers should be trained annually,There should be no charges when appl
 ,1,1, , , , ,2, ,1,4,2, ,1, ,Mason,2,1, ,2,2,2, ,2, ,2, ,2,6,7,7,2,4,1,1,7,7,7,1,1,1,7,7,7,2,1,1,4,4,1,1,1,4,1,1,1,1,1,2,4,4,2,4,7,7,1,4,4,7,4, , ,2,1,2,4,"Yes, it cares for construction wor",Lack of information,More training, 
 ,1,1, , , , , , ,1,3,2, ,6, ,Mason,2,1, ,2,1, , ,2, ,2, ,2,6,6,5,2,4,3,2,3,2,5,1,2,4,3,7,5,1,4,1,4,6,5,4,1,4,6,6,1,4, ,6,2,4,2,6,4,5,6,2,1,4,4,4,3,1,6,1,3, , , , 
 ,1,1, , , , ,1,2,1,4,3, ,6, ,Carpenter,1,2, ,3,2,1, ,2, ,2, ,3, ,5,4,5,6,4,6,5,6,5,6,4, ,2,3,1,1,2,2,2,4,6,2,4,4,3,5,3,1,2,1,2,3,4,3,4,2,4,3,4,3,2,3,2,1,3,2,1, , , , 
NAIROBI,1,2,2018, , , , , ,1,5,1, ,1, ,SCAFFOLDER,2,1, ,2,2,2, ,2, ,2, ,2,7,7,7,7,6,5,1,1,1,1,1,1,1,1,1,1,1,1,7,1,1,1,1,1,1,1,3,4,3,2,1,2,2,1,1,1,1,1,1,1,1,1,6,6,6,1,7,5,NO,HIGH FEES,REDUCE FEES, 
NAIROBI,1,3,2019, , , , , ,1,9,2, ,1, ,STEEL FIXER,2,1, ,5,1,1,E,2, ,2, ,3,7,7,7,4,1,4,7,7,7,1,1,1,1,1,7,7,7,1,1,7,1,1,1,1,1,7,1,1,1,1,1,1,1,1,1,1,1,1,1,7,1,1,1,1,1,1,1,1,NO,LACK OF INFORMATION,SPREAD INFORMATION,STANDARDIZATION OF WAGES THROUGH CAR
NAIROBI,1,2,2018, , , , , ,1,7,2, ,1, ,CARPENTER,2,1, ,5,2,2, ,2, ,2, ,2,7,1,7,1,1,1,1,1,1,1,1,1,1,1,7,7,7,7,7,6,6,1,6,1,1,1,1,7,7,1,1,1,1,1,1,1,1,1,1,7,4,5,7,7,1,1,3,7,YES. RECOGNITION.,LACK OF INFORMATION,DELIVERY CARDS AFTER FILLING, 
NAIROBI,1,3,2019, , , , , ,1,8,1, ,1, ,CARPENTER,2,1, ,5,2,2, ,2, ,2, ,3,7,7,7,4,1,1,4,1,1,1,4,2,1,1,1,4,1,1,7,1,7,7,7,4,4,1,1,7,4,4,4,2,4,1,7,7,4,4,4,4,4,4,4,4,1,1,4,4,YES. RECOGNITION.,LACK OF BENEFITS,ON SITE VISITS ON BENEFITS,TRAINING PROGRAMS DURING WORK HOURS
NAIROBI,1,3,2021, , , , , ,1,4,3, ,1, ,ELECTRICIAN,1,2, ,4,2,2, ,2, ,2, ,3,7,7,7,4,7,1,7,7,7,7,3,5,1,1,7,7,7,7,7,7,7,7,3,7,3,4,4,7,6,1,7,7,6,4,7,7,7,7,7,7,1,4,7,4,1,1,7,1,YES. RECOGNITION.,ACCREDITED ASSUMED AS EXPENSI,BETTER WAGES FOR ACCREDITED, 
NAIROBI,1,2,2017, , , , , ,1,3,3, ,1, ,MASON,2,1, ,1,2,2, ,2, ,2, ,2,7,7,7,7,6,5,5,1,4,4,1,1,1,1,7,7,7,7,7,4,4,1,4,3,4,5,2,4,4,2,4,3,6,1,1,1,1,1,6,6,3,3,6,3,7,7,5,7,NO BENEFIT,HIGH FEES,REDUCE FEES, 
NAIROBI,1,3,2021, , , , , ,1,9,2, ,1, ,MASON,2,1, ,5,2,2, ,2, ,2, ,2,7,4,5,6,6,6,7,6,6,5,5,5,5,6,6,6,6,6,6,4,4,4,5,5,5,6,6,6,5,4,4,4,4,4,4,4,5,6,6,6,7,6,5,4,4,1,1,1,YES. JOB REQUIREMENT,LACK OF AWARENESS,ADVERTISING ON SOCIAL MEDIA AND ON SITE,MORE CARD RECOGNITION. ADD TRADES ON
NAIROBI,1,2,2021, , , , , ,1,3,2, ,1, ,PLUMBER,2,1, ,3,2,2, ,2, ,2, ,2,7,1,1,7,1,1,1,1,1,1,1,1,1,1,6,6,6,6,7,4,4,6,7,7,4,4,4,7,4,4,1,1,1,1,4,4,2,6,7,7,5,6,7,7,4,1,7,7,YES. JOB OPPORTUNITIES,LACK OF AWARENESS,MORE ON SITE VISITS, 
NAIROBI,1,2,2017, , , , , ,1,5,3, ,1, ,STEEL FIXER,1,2, ,1,2,2, ,2, ,1, ,2,7,1,1,7,5,5,1,1,1,1,1,1,1,1,1,6,6,5,6,3,3,1,4,3,4,3,3,6,2,1,4,4,4,2,1,4,7,1,6,1,3,2,7,6,4,1,1,3,NO BENEFIT,HIGH FEES,REMOVE FEES, 
NAIROBI,1,3,2023, , , , , ,1,5,3, ,6, ,PLUMBER,1,4, ,5,1,1,U,2, ,1, ,3,7,7,5,7,7,5,7,7,7,7,6,5,1,3,1,7,3,5,1,1,1,7,4,5,7,3,1,5,5,7,2,5,3,5,4,4,1,1,7,7,1,1,7,7,1,1,1,1,YES. RECOGNITION.,NO ON SITE VISITS,MORE ON SITE VISITS,IMPROVE ONLINE REGISTRATION. PORTABL
NAIROBI,1,3,2018, , , , , ,1,6,3, ,1, ,PLANT OPERATOR,1,2, ,3,2,2, ,2, ,2, ,4,7,7,7,1,3,7,7,7,7,7,3,7,1,1,7,7,1,1,1,7,7,7,4,5,7,5,3,3,5,4,7,5,7,7,7,7,7,7,6,5,3,4,7,5,5,5,4,3,YES. RECOGNITION.,LACK OF SENSTIZATION,REGULAR SENSITIZATION., 
NAIROBI,1,3,2018, , , , , ,1,8,3, ,1, ,STORE KEEPER,1,2, ,5,2,2, ,2, ,2, ,5,5,5,5,1,1,5,5,5,5,5,1,1,1,5,5,5,1,1,1,5,5,5,5,5,1,5,5,5,5,1,5,5,5,5,5,5,5,1,5,5,5,1,5,4,1,1,1,1,YES,DELAY OF ISSUING CARDS,MORE EFFICIENCY IN PROCESSING, 
NAIROBI,1,2,2021, , , , , ,1,3,4, ,5, ,SURVEYOR,1,3, ,1,2,2, ,2, ,1, ,2,7,7,6,7,6,1,4,7,7,5,4,3,1,4,7,7,7,7,6,1,3,7,7,5,1,7,7,5,4,1,3,6,6,7,7,7,6,7,7,6,5,6,7,4,5,4,5,3,YES. ENSURES QUALIFIED WORKERS,OFFICE LOCATION. HIGH FEES. L,ON SITE VISITS ON BENEFITS,MORE MENTORSHIP & TRAINING PROGRAMS
NAIROBI,1,2,2019, , , , , ,1,4,2, ,1, ,CARPENTER,2,1, ,2,2,2, ,2, ,2, ,2,4,1,1,7,1,1,4,1,1,1,1,1,1,1,7,7,7,7,7,1,1,1,7,1,7,4,3,7,1,1,7,7,4,4,1,1,1,1,7,7,2,4,7,7,7,1,1,7,YES. JOB OPPORTUNITIES,HIGH FEES,REDUCE FEES, 
NAIROBI,1,3,2017, , , , , ,1,4,1, ,1, ,PLANT OPERATOR,2,1, ,3,2,2, ,2, ,2, ,3,7,7,7,7,4,7,5,5,5,4,7,7,7,1,4,7,1,1,7,1,1,4,7,4,4,7,1,7,4,4,4,7,7,4,1,4,4,4,7,7,1,4,7,7,7,1,1,1,NO BENEFIT,DELAY OF ISSUING CARDS,MORE EFFICIENCY IN PROCESSING, 
NAIROBI,1,3,2019, , , , , ,1,6,2, ,1, ,CARPENTER,1,2, ,4,2,2, ,2, ,2, ,2,7,7,7,7,7,7,7,7,5,5,7,4,5,7,7,7,1,1,7,7,7,7,7,5,6,6,7,4,7,1,7,7,6,7,7,7,7,7,7,4,4,4,4,4,1,7,7,1,YES. JOB OPPORTUNITIES,SALARY,BETTER WAGES FOR ACCREDITED, 
NAIROBI,2, , ,1, , ,1,2,1,7,3, ,2, ,ELECTRICIAN,1,2, ,5,2,2, ,2, ,2, ,3,7,1,1,1,1,7,5,7,1,1,3,7,1,1,7,1,1,1,1,7,7,7,7,1,1,1,1,7,1,1,1,1,1,1,1,2,7,2,1,3,1,1,1,1,1,1,1,3,YES.,NO BENEFIT,ENFORCE LAW. REGULATE WAGES, 
NAIROBI,2, , ,1, , ,2, ,1,8,4, ,1, ,FOREMAN,2,1, ,5,2,2, ,2, ,2, ,7,4,4,4,4,4,4,4,4,4,4,4,4,4,4,4,4,4,7,7,4,4,3,2,2,3,3,4,4,4,3,3,4,4,4,4,4,3,4,4,3,4,3,4,4,3,4,4,3,YES. JOB OPPORTUNITIES,FEW SITE VISITS,MORE ON SITE VISITS, 
NAIROBI,2, , ,2,1,2018, , ,1,6,4, ,1, ,FOREMAN,1,3, ,2,2,2, ,2, ,1, ,4,7,6,6,6,2,6,2,3,3,3,4,6,6,4,4,6,6,6,6,5,5,1,5,5,5,4,3,5,5,5,5,5,3,3,2,4,1,1,6,6,4,4,7,7,7,1,7,7,YES. JOB OPPORTUNITIES,LACK OF INFORMATION,SPREAD INFORMATION ON BENEFITS,MORE ON SITE VISITS
NAIROBI,2, , ,1, , ,2, ,1,3,6, ,1, ,SAFETY OFFICER,1,3, ,2,1,2, ,1, ,1, ,4,7,1,1,5,4,3,6,7,7,7,4,4,7,1,4,4,4,4,1,5,5,5,4,4,4,4,4,2,5,4,2,3,4,3,5,4,5,3,7,5,6,4,7,5,2,1,1,4,YES. ITS THE LAW,LACK OF INFORMATION,SPREAD INFORMATION ON BENEFITS, 
NAIROBI,2, , ,1, , ,2, ,1,5,5, ,6, ,FOREMAN,2,3, ,4,1,2, ,2, ,2, ,7,7,7,7,7,1,5,7,7,7,7,7,7,1,1,7,7,1,1,1,5,5,5,1,6,7,7,1,1,4,7,7,4,1,1,1,1,5,5,7,7,3,1,7,6,6,1,1,7,YES. SUPPORTIVE TO WORKERS,NOT INTERESTED,ENFORCEMENT, 
NAIROBI,2, , ,2,1,2018, , ,1,4,2, ,1, ,FOREMAN,1,2, ,4,2,2, ,2, ,1, ,2,7,7,7,7,1,7,1,1,1,1,1,1,1,1,7,7,7,7,7,1,1,1,4,1,3,3,3,1,3,2,3,4,3,4,1,1,1,3,3,2,4,3,4,3,5,1,7,7,YES. EMPLOYERS CONFIDENCE,DELAY OF ISSUING CARDS. CONFU,MORE EFFICIENCY IN PROCESSING, 
LAIKIPIA,2, , ,2,1,2014, , ,1,5,5, ,1, ,FOREMAN,1,2, ,5,2,2, ,1,I,2, ,8,7,7,7,4,1,4,5,7,5,5,6,7,5,1,4,4,4,4,6,7,6,7,4,7,7,7,7,4,4,4,6,6,6,7,6,7,4,6,4,1,4,4,4,4,4,4,4,4,YES. ENSURES COMPETENCE,NO ON SITE VISITS,REGULAR ON SITE VISITS,ENSURE GOOD RELATIONSHIP WITH CONSTR
MURANGA,2, , ,1, , ,2, ,1,7,5, ,2, ,CABLE INSTALLER,2,1, ,5,1,2, ,2, ,1, ,6,5,6,6,6,6,6,6,6,6,6,6,6,5,4,6,6,6,5,4,5,6,7,5,5,5,7,6,7,6,7,7,6,6,6,5,6,6,5,6,6,6,5,6,6,6,5,6,6,YES. HELPS WORKERS IN TERMS OF POO, ,REGULATE WAGES, 
NYERI,2, , ,1, , ,2, ,1,2,6, ,1, ,FOREMAN,1,3, ,1,1,2, ,2, ,1, ,2,5,1,1,7,1,7,7,7,7,5,6,6,1,1,4,4,4,4,4,1,1,1,4,6,7,4,1,7,4,4,1,7,4,7,6,4,5,1,1,1,4,4,1,1,1,1,1,1,YES. RECOGNITION.,LACK OF INFORMATION,SPREAD AWARENESS IN INDUSTRY AND LEARNIN, 
NYERI,2, , ,1, , ,2, ,1,3,6, ,0, ,FOREMAN,1,3, ,1,2,2, ,2, ,1, ,4,5,1,1,7,4,7,6,7,4,4,7,7,1,1,6,7,1,1,1,1,1,1,3,3,3,5,5,2,2,4,2,4,2,4,5,3,5,3,5,2,3,4,1,3,4,5,7,7,YES. ENSURES COMPETENCE,DELAY OF ISSUING CARDS,SPREAD INFORMATION ON BENEFITS. TIMELY P, 
NYERI,2, , ,2,1,2009, , ,1,4,3, ,1, ,FOREMAN,1,2, ,3,2,2, ,2, ,1, ,4,3,7,7,7,7,7,4,7,7,7,7,7,1,1,4,7,4,7,1,7,7,7,4,7,7,4,4,7,7,7,7,7,7,7,7,7,7,7,7,4,4,7,7,7,7,1,1,7,YES. JOB OPPORTUNITIES,DELAY OF PROCESSING CARDS,MORE EFFICIENCY IN PROCESSING, 
NYERI,2, , ,2,1,2017, , ,1,7,5, ,7, ,FOREMAN,1,3, ,4,1,2, ,2, ,2, ,4,7,7,7,7,7,7,6,6,6,6,6,4,5,5,5,4,1,7,7,6,6,6,5,5,6,5,6,5,5,6,6,5,6,6,2,3,4,5,4,5,5,6,6,7,7,7,7,7,YES. EXPOSURE,CARDS NOT DELIVERED,DELIVER CARDS, 
KIAMBU,2, , ,2,3,2018, , ,1,4,2, ,1, ,FOREMAN,1,2, ,3,2,2, ,2, ,1, ,4,7,4,7,1,7,1,1,7,7,4,1,7,1,1,7,7,7,1,1,7,7,7,4,4,7,4,4,7,4,7,7,7,7,7,7,7,7,7,7,7,4,7,7,7,7,7,7,4,YES. JOB OPPORTUNITIES,LACK OF AWARENESS,MORE ON SITE TRAINING, 
KIAMBU,2, , ,2,1,2021, , ,1,8,4, ,1, ,FOREMAN,2,1, ,5,2,2, ,2, ,2, ,5,7,1,2,3,4,4,4,3,2,3,1,2,1,3,2,2,1,1,2,1,2,3,2,2,3,2,2,2,3,3,2,2,2,3,1,2,2,3,3,3,2,1,2,3,3,2,1,2,YES. JOB OPPORTUNITIES,HIGH FEES,WAIVER ON THE FEE, 
KITUI,1, , ,1, , ,2, ,1,4,2, ,1, ,PAINTER,2,1, ,4,1,2, ,2, ,4, ,1,7, , , ,3, , ,1,4, , , ,5, , , ,2,4,1,6, ,1, ,3, ,1, ,1, ,7, ,6,3,5,2,2,2,1, ,5, ,3, ,5, ,4,5,1,NO, , , 
KITUI,1, , ,1, , ,2, ,1,8,2, ,0, ,MASON,2,1, ,5,2, , ,2, , , ,2,4,1,1,1,1,1,6,6,2,5,6,2,4,4,1,1,1,4,4,4,4,4,4,4,4,4,4,1,1,1,1,3,4,4,4,4,4,1,1,1,1,1,2,1,2,2,6,1,YES.,LACK OF INFRASTRUCTURE. INSUF,SENSITIZATION,ENFORCE LABOUR LAWS
KITUI,1, , ,1, , ,1,1,1,6,2, ,6, ,MASON,2,1, ,5,2, , ,2, ,2, ,2,6,1,1,1,5,1,5,5,6,7,1,5,4,4,4,4,4,4,4,5,6,5,5,6,4,1,5,1,4,1,5,1,4,4,5,6,1,1,5,5,1,1,5,5,1,1,1,1,NO.,LACK OF INFORMATION, , 
MAKUENI,1, , ,1, , ,2, ,1,4,1, ,6, ,MASON,2,1, ,3,2, , ,2, ,2, ,2,5,1,1,3,1,1,6,1,1,6,2,4,4,4,4,4,4,4,4,1,1,4,1,5,1,1,5,1,1,1,1,2,1,4,5,6,1,1,1,1,5,1,1,1,1,1,1,2,YES. NEEDS IMPROVEMENT,HIGH FEES,REDUCE FEES, 
MAKUENI,1, , ,1, , ,2, ,1,6,2, ,1, ,MASON,2,1, ,4,2, , ,2, ,2, ,2,4,6,6,2,2,6,6,6,1,1,6,6,4,4,1,1,1,1,4,6,6,6,6,6,4,2,2,5,2,5,5,5,2,2,5,5,5,3,5,5,4,3,5,5,1,1,1,1,YES,LACK OF INFORMATION AND ENFOR,STRICTER ENFORCEMENT. MORE SENSITIZATION, 
MAKUENI,1, , ,1, , ,2, ,1,5,2, ,0, ,MASON,2,1, ,5,2, , ,2, ,2, ,3,4,7,7,7,7,7,7,7,7,7,7,7,7,7,7,7,7,7,7,7,7,7,7,7,7,7,7,7,7,7,7,7,7,7,7,7,7,7,7,7,7,7,7,7,7,7,7,7, , , , 
MACHAKOS,1, , ,1, , ,2, ,1,3,1, ,0, ,CARPENTER,2,1, ,4,2, , ,2, ,2, ,3,2,2,2,6,2,2,2,2,2,2,2,3,4,4,2,6,3,3,4,1,1,5,5,5,3,3,3,5,1,3,2,2,1,1,5,5,5,1,1,2,3,1,1,2,2,2,2,2,YES,LACK OF INFORMATION,SENSITIZATION, 
MACHAKOS,1, , ,1, , ,2, ,1,5,2, ,2, ,MASON,2,1, ,4,2, , ,2, ,1, ,3,7,7,7,7,7,7,7,7,7,7,7,7,7,7,7,7,7,7,7,7,7,7,7,7,7,7,7,7,7,7,7,7,7,7,7,7,7,7,7,7,7,7,7,7,7,7,7,7,YES. JOB OPPORTUNITIES, , , 
MACHAKOS,1, , ,1, , ,2, ,1,3,2, ,6, ,STEEL FIXER,2,1, ,2,2, , ,2, , , ,2,4,5,4,5,4,5,6,4,4,4,4,5,3,4,5,5,7,4,4,5,7,4,4,4,4,5,4,5,4,5,4,4,5,5,5,5,5,5,4,7,4,5,5,7,4,6,7,6,YES, , , 
MACHAKOS,1, , ,1, , ,1,1,1,4,2, ,2, ,CARPENTER,2,1, ,1,1,2, ,2, ,3, ,2,2,1,5,7,7,1,7,7,7,1,1,1,2,1,1,7,4,3,1,5,7,7,7,7,6,6,6,7,1,4,1,4,6,7,7,6,7,5,6,7,1,6,7,7,1,1,1,4,YES,LACK OF INFORMATION,MORE INFORMATION, 
MACHAKOS,1, , ,1, , ,2, ,1,4,2, ,0, ,STEEL FIXER,2,1, ,2,2, , ,2, ,2, ,1,6,1,1,1,1,1,6,1,1,6,6,6,4,4,4,4,4,4,4,1,1,7,4,7,4,1,1,1,1,1,1,1,4,1,1,6,6,1,1,6,1,1,1,1,1,1,1,1,YES,PROCESS IS HARD,CREATE AWARENESS, 
MACHAKOS,1, , ,1, , ,2, ,1,3,1, ,6, ,"MASON, STEEL F.",2,1, ,2,2, , ,2, ,2, ,2,3,5,4,4, , , , , , ,1, ,4, , , , , ,4,6,6,6,5,5,3,6,2,2,1,1,1,1,4,4,4,6,6,1,3,4,3,4,3,4,1,1,1,4,YES, , , 
MACHAKOS,1, , ,1, , ,1,1,1,4,1, ,5, ,CARPENTER,2,1, ,3,2, , ,2, ,2, ,3,3,5,5,5,5,7,7,7,7,4,4,1,1,1,4,5,4,3,2,3,3,4,5,3,1,1,1,1,1,1,1,3,5,1,3,5,5,5,7,5,7,7,7,7,3,4,1,1,YES,LACK OF INFORMATION,MORE INFORMATION, 
MACHAKOS,1, , ,1, , ,1,1,1,6,1, ,1, ,CARPENTER,2,1, ,2,2, , ,2, ,2, ,2,4,3,1,1,1,6,6,6,6,5,5, ,3,2,1,1,1,2,4,2,6,6,6,6,6,5,5,5,6,6,3,2,2,2,6,6,6,6,1,2,2,2,2,3,1,1,1,1,YES, , , 
KAJIADO,1, , ,1, , ,2, ,1,1,2, ,3, ,MASON,2,1, ,1,2, , ,2, ,3, ,2,7,1,2,7, ,7,7,7,4,1,5,1,4,4,4,4,4,4,4,7,7,7,1,4,7,7,1,1,1,1,7,3,5,3,6,2, ,4,2, ,4,4,2,2,4,7,5,7,NO BENEFIT, ,TRAINING AND SUPPORT,TRAINING. ENFORCEMENT
KAJIADO,1, , ,1, , ,2, ,1,4,7, ,1, ,MASON,2,1, ,1,2, , ,2, ,1, ,3,7,1,6, ,1,1,1,6,6,1,7,7,1,1,1,7,1,1,1,1,1,1,1,1,7,1,1,5,5,1,1,5,1,5,7,1, ,1,5,5,1,1,1,7,1,5,5,5,YES,HIGH FEES. NO RECOGNITION,MORE SENSITIZATION, 
KAJIADO,1, , ,1, , ,2, ,1,2,2, ,1, , , , , ,1,2, , ,2, ,2, ,1, ,1,1,1, ,1, , , , , , , , ,1,1, , ,1,1,1,3,7,3,3,7,7,7,5,1,6,3,5,5,1,3,5,7,1,1, ,1,3,1,1,5,7,1,YES. JOB OPPORTUNITIES,LACK OF INFORMATION AND TIME,ON SITE VISITS, 
KAJIADO,1, , ,1, , ,2, ,2,2,2, ,1, , , , , ,1, , , ,2, ,1, ,3, ,1,1,1,1,1,1,1,2, , , , , , , , , , ,1,1,3,3,3, ,7,7,7,5, ,5,7,4, ,1,3,5,7,1,1, ,1,3,1, , , , , , , , 
KAJIADO,1, , ,1, , ,2, ,1,3,2, ,6, ,MASON,2,1, ,1,2, , ,2, ,3, ,2,5,2,2,2,2,2,2,2,2,2,4,2,1,4,4,4,4,4,2,4,4,4,4,4,4,4,4,4,4,2,2,2,4,4,5,4,6,4,6,6,4,5,5,6,4,4,5,5,NO, ,MORE SENSITIZATION,WILL INTRODUCE MORE WORKERS TO NCA
KITUI,1,2,2021, , , , , ,2,4,1, ,1, ,MASON,2,1, ,1,2, , ,2, ,2, ,2,5,7,2,2,2,5,6,6,5,6,6,6,1,6,6,6,6,6,7,7,6,7,7,7,6,7,7,7,7,7,7,7,6,1,7,7,7,7,7,7,7,7,7,7,1,1,1,1,YES,LACK OF INFORMATION,SPREAD INFORMATION, 
KITUI,1,2,2020, , , , , ,1,5,2, ,1, ,MASON,2,1, ,3,2, , ,2, ,2, ,2,5,7,6,6,7,6,7,6,6,5,5,5,4,1,5,6,5,6,7,6,5,6,5,6,7,6,7,6,5,6,5,6,6,5,4,6,6,6,6,6,7,5,6,6,1,1,2,1,YES,LACK OF INFORMATION, , 
KITUI,1,2,2020, , , , , ,1,2,1, ,6, ,MASON,1,2, ,2,1,2, ,2, ,2, ,2,7,7,7,7,7,7,1,7, , ,1,1,1,7,7,7,7,7,7,1,7,7,7,7,7,7,7,1,1,1,1,1,7, ,7,7,7,7,7,7,7,4,7,7,7,1,7,1,YES, , , 
KITUI,1,3,2019, , , , , ,1,2,2, ,6, ,MASON,2,1, ,1,1,2, ,2, ,2, ,2,1,7,7,7,7,7,1,1,1,7,1,1,1,1,7,7,1,1,1,1,7,7,7,7,7,7,7,1,1,1,1,1,1,1,1,1,1,1,1,1,1,5,1,1,1,1,7,1,YES, , , 
MAKUENI,1,3,2021, , , , , ,2,4,1, ,1, ,MASON,2,1, ,2,2, , ,2, ,2, ,3,7,7,7,7,7,7,7,1,1,1,7,7,1,7,7,7,7,7,1,7,7,7,1,1,1,7,7,7,7,7,7,7,4,1,1,7,7,7,7,7,7,7,7,7,7,1,1,1,YES, , , 
MAKUENI,1,2,2014, , , , , ,1,3,2, ,1, ,CARPENTER,2,1, ,2,1,2, ,2, ,1, ,3,5,5,3,7,7,3,7,7,7, ,6,5,4,4,6,5,6, ,5,5,6,7,7,7,6,3,3,5,5,5,6,6,3,3,7,7,5,7,7,7,5,5,5,7,7,5,7,5,"YES, HELPS WITH IMPROVING SITE SKI",ON SITE VISITS AND SPREAD AWA,TRAINING PROGRAMS, 
MACHAKOS,1,2,2023, , , , , ,1,7,1, ,1, ,CARPENTER,2,1, ,4,2, , ,2, ,2, ,3,6,7,7,2,1,1,1,1,1,1,7,7,1,7,2,7,7,1,7,7,7,7,7,1,1,7,1,7,7,7,7,7,4,7,1,7,7,7,7,7,7,1,7,7,1,1,1,7,YES, , , 
MACHAKOS,1,3,2020, , , , , ,1,3,2, ,1, ,SAFETY OFFICER,1,4, ,3,2, , ,2, ,2, ,2,7,7,6,7,7,7,5,5,5,6,1,1,1,2,7,7,6,6,7,7,7,7,6,6,7,5,7,7,7,6,7,7,6,6,6,7,6,5,7,7,5,7,7,5,5,5,5,5,YES,HIGH COST,TO BE FREE, 
MACHAKOS,1,2,2021, , , , , ,1,4,1, ,1, ,CARPENTER,2,1, ,3,2, , ,1, ,2, ,2,7,6,6,2,5,7, ,6,5,3,7,7,2,2,3,3,6,6,1,6,7,7,2,6,6,6,6,3,2,6,6,4,3,4,6,6,6,6,6,3,2,3,3,5,1,1,3,2,YES,HIGH COST. LACK OF INFORMATIO, , 
MACHAKOS,1,2,2021, , , , , ,1,3,2, ,1, ,MASON,1,2, ,3,1,1,C,2, ,1, ,3,5,7,7,7,7,7,7,7,2,7,2,7,2,7,7,7,7,7,7,7,7,7,7,7,7,7,7,7,7,7,7,3,7,7,7,7,7,7,7,7,7,7,7,7,7,3,1,1,YES,LACK OF INFORMATION,SPREAD INFORMATION, 
MACHAKOS,1,3,2021, , , , , ,1,6,2, ,1, ,CARPENTER,1,2, ,4,2, , ,1, ,2, ,3,6,6,2,2,2,6,6,6,6,6,6,6,2,5,5,6,7,7,1,6,6,7,2,6,6,2,6,6,1,6,7,1,5,5,7,6,6,7,2,6,2,6,2,3,2,5,2,5,YES,ARROGANCE.,ENFORECEMENT MEASURES, 
MACHAKOS,1,3,2019, , , , , ,1,5,1, ,1, ,CARPENTER,1,4, ,4,2, , ,2, ,2, ,2,5,2,2,2,2,2,2,5,5,5,2,2,2,2,2,2,2,2,2,5,2,2,2,2,2,2,2,5,2,2,2,2,2,2,2,2,2,2,2,2,2,4,2,2,2,4,2,2,YES,LACK OF INFORMATION,MORE SENSITIZATION, 
MACHAKOS,1,2,2022, , , , , ,1,6,2, ,2, ,MASON,2,1, ,4,1,1,A,2, ,3, ,3,7,7,7,4,7,7,7,7,7,4,7,5, ,7,5,2,7, ,7,7,7,5,7,7,7,7, ,7,5,2,4,4,4,4, ,7,7,7,7,5,5,5,4,5,2,7,7,4,YES, , , 
KAJIADO,1,3,2017, , , , , ,1,5,2, ,1, ,"MASON, PAINTER",1,2, ,4,2, , ,2, ,2, ,3,7,6,6,7,7,3,7,6,6,1,3,5,1,1,3,5,1,4,1, ,1,1,1,5,1,1,4,1,1,1,7,7,7,7,7,7,7,7,7,7,1,7,7,7,7,1,7,1,YES. COMPLIANCE,SLOW SERVICE/ARROGANCE IN THE,MAKE SERVICES MORE ACCESSIBLE EG MOBILE,TIMELY PROCESSING
KAJIADO,1,3,2022, , , , , ,1,5,1, ,6, ,MASON,2,1, ,4,2, , , , ,1, ,3,7,7,7,4,7,7,7,4,7,7,1,1,1,1,1,5,7,7,7,7,7,7,7,7,4,7,4,4,7,7,4,2,2,5,7,7,7,7, ,3,4,6,5, ,4,4,4,4,YES, ,MORE ON SITE VISITS, 
KAJIADO,1,3,2022, , , , , ,1,2,2, ,2, ,MASON,2,1, ,1,2, , ,2, ,1, ,3,7,7,7,4,7,7,7,7,5,5,4,5,1,4,1,5,7,7,5,7,7,5,7,7,7,7,7,5,7,7,7,5,7,4,7,7,7,7,5,5,5,4,5,5,4,1,7,5,YES. WORKER CONFIDENCE,PROCESS IS HARD,MORE ON SITE VISITS, 
KAJIADO,1,3,2022, , , , , ,1,3,3, ,6, ,MASON,1,2, ,2,1,2, ,2, ,2, ,3,7,7,7,3,7,7,4,4,7, ,7,4,4,4,7,5, ,5,7,7,7,7,7,4,4,2,4,4,4,4,7,4,4,7,5,4,4,4,5,7,4,4,4,7,4,4,4,4,YES. WORK ANYWHERE COUNTRYWIDE,WORKERS REGISTERED WHERE THEY,MORE ON SITE VISITS, 
KAJIADO,1,3,2022, , , , , ,1,4,2, ,1, ,CARPENTER,2,1, ,3,2, , ,2, ,2, ,3,7,5,7,3,4,7,7,4,4,3,7,4,1,7,7,7,4,4,7,5,7,4,6,7,7,7,5,5,4,5,6,7,6,4,5,6,4,4,7,4,5,7,7,7,2,1,1,1,YES. WORKER COURAGE,OFFICES INACCESSIBLE,MORE ON SITE VISITS, 
KITUI,2, , ,1, , ,1,1,1,5,1, ,1, ,FOREMAN,2,1, ,3,2, , ,2, , , ,2,4,5,5,7,7,7,7,7, , ,1,1,1,7,7,7,7, ,1,7,5,7,7,7,5,7,6,7,5,5,1,7,6,6,7,6,7,7, ,6,5,6,7,7,2,2,7,2,YES, ,IMPROVE NCA REACH, 
MACHAKOS,2, , ,1, , ,2, ,1,4,2, ,0, ,FOREMAN,2,1, ,5,2, , ,2, ,1, ,3,7,1,1,6,7,1,1,7,5,7,1,1,1,4,7,4,4,7,4,7,4,7,1,7,4,1,7,6, ,2,7,7,5,7,2,7,7,1,7,7,7,7, , ,7,1, ,1,YES,LACK OF MONEY,CREATING MORE AWARENESS, 
KAJIADO,2, , ,1, , ,2, ,1,4,2, ,1, ,FOREMAN,2,1, ,5,2, , ,2, ,2, ,4,7,7,7,7,7,7,7,7,7,7,5,4,1,7,7,7,1,1,1,5,1,3,4,4,7,7,7,7,1,1,7,7,1,7,7,7,4,7,7,7,1,7,7,7,1,1,1,1,YES,"PLACES, TIME, COMMUNICATION B",TIMELY DELIVERY OF CARDS,NO NEED OF EXPIRING CARDS
MAKUENI,2, , ,2,1,2016, , ,1,4,2, ,4, ,FOREMAN,2,1, ,3,1,1, ,2, ,1, ,7,5,7,7,7,7,7,7,7,7,7,7,7,7,7,7,7,7,7,7,7,7,7,7,7,7,7,7,7,7,7,7,7,7,7,7,7,7,7,7,7,7,7,7,7,7,7,7,7, , , , 
KAJIADO,2, , ,2,1,2020, , ,1,9,4, ,3, ,FOREMAN,1,5,NYS,5,1,2, ,2, ,2, ,4,7,7,6,6,6,7,5,5,5,5,5,3,6,7,7,7,7,7,7,7,7,7,7,7,7,7,7,5,5,5,7,7,5,6,6,7,7,7,7,7,5,7,7,7,7,7,7,5,YES,HIGH COST,NO COST, 
MACHAKOS,2, , ,2,1,2019, , ,1,5,1, ,1, ,FOREMAN, , , ,5,1,1,N,2, ,2, ,6,5,6,6,6,6,6,6,6,6,6,6,6,6,6,6,6,6,6,6,6,6,6,6,6,6,6,6,6,6,3,6,6,6,6,4,5,5,5,5,5,5,5,5,5,4,4,5,5,YES, , , 
KITUI,2, , ,2,1,2022, , ,1,3,4, ,4, ,FOREMAN,1,3, ,2,2, , ,1, ,3, ,4,6,6,6,7,6,5,7,6,7,6,6,1,2,2,6,7,6,6,1,6,6,7,2,6,6,6,6,6,1,6,7,6,5,6,7,6,6,6,7,6,3,5,6,6,6,1,1,2,YES,NO ON SITE VISITS,MORE ON SITE VISITS, 
MERU,1,3,2017, , , , , ,1,4,2, ,5, ,TILE LAYER,2,1, ,4,1,2, ,2, ,2, ,3,6, , , , , , , , , , , , , , , , , , , , , , , , , , , , , , , , , , , , , , , , , , , , , , , , , , , 
MERU,1,1, , , , , , ,1,3,2, ,5, ,WELDER,2,1, ,2,2, , ,2, ,4, ,3,4,5,5,4,4,4,4,4,5,5,5,5,5,5,5,5,5,5,5,5,5,5,5,5,5,5,5,5,5,5,5,5,5,5,4,4,4,4,4,4,4,5,5,5,5,5,5,5, , , , 
MERU,1,1, , , , , , ,1,8,2, ,1, ,WELDER,2,1, ,5,2, , ,2, ,2, ,2,4,1,1,7,1,3,4,4,4,4,4,4,4,4,4,4,4,4,4,7,1,1,1,1,1,7,7,4,1,5,1,3,3,3,4,4,4,3,4,4,4,4,4,4,7,7,7,7, , , , 
MERU,1,1, , , , , , ,1,3,4, ,2, ,MASON,1,3, ,1,1,1,G,2, ,3, ,3,2,7,7,7,7,4,7,7,7,4,1,4,1,7,7,7,7,1,1,7,7,7,4,1,1,1,1,1,1,1,7,7,7,7,4,7,7,7,7,7,7,7,4,7,4,5,7,7,YES. MAINTAINS SITE SAFETY,LACK OF CONTINUOUS WORK TO HE,REDUCE CARD RENEWAL COSTS, 
MERU,1,1, , , , , , ,1,5,2, ,5, ,PAINTER,2,1, ,4,2, , ,2, ,4, ,3,4,5,5,5,5,5,5,5,5,5,5,5,5,5,4,4,4,4,4,5,5,5,5,5,5,6,6,6,6,6,6,6,6,6,4,4,4,4,4,4,4,4,5,5,5,5,5,5, , , , 
MERU,1,1, , , , , , ,1,3,1, ,5, ,PAINTER,2,1, ,5,2, , ,2, ,4, ,3,4,4,4,4,4,4,4,4,4,4,4,5,5,5,5,5,5,5,5,4,4,4,4,4,4,4,4,4,4,5,5,5,5,5,5,5,5,5,5,5,5,5,5,5,5,5,5,5, , , , 
MERU,1,3,2015, , , , , ,1,6,5, ,1, ,PLUMBER,1,4, ,5,1,2, ,2, ,2, ,3,7,6,5,6,6,6,5,6,5,5,6,6,2,2,5,5,6,6,6,5,7,6,6,5,5,6,6,7,6,6,6,5,6,5,6,5,6,5,6,6,6,5,6,6,7,6,6,1, , , , 
EMBU,1,1, , , , , , ,1,3,4, ,0, ,MASON,2,1, ,1,2, , ,2, ,4, ,2,7,7,6,6,6,6,6,6,6,6,6,6,6,6,6,6,6,6,6,6,6,6,6,6,5,5,5,5,5,5,5,6,6,6,6,6,6,5,5,5,5,5,5,5,5,5,5,5, , , , 
EMBU,1,3, , , , , , ,1,4,3, ,2, ,MASON,2,1, ,4,2, , ,2, ,2, ,2,5,5,5,5,5,5,5,5,5,5,5,5,5,5,5,6,6,6,6,5,5,5,5,5,5,5,5,5,5,5,6,6,6,6,6,6,6,6,6,6,5,5,5,6,6,6,6,6, , , , 
EMBU,2, , ,2,1,2015, , ,2,3,2, ,0, ,MASON,2,1, ,1,2, , ,2, ,4, ,2,5,6,6,6,6,6,6,5,5,5,5,5,5,5,5,5,5,5,5,6,6,6,6,6,6,6,6,6,6,6,6,6,6,6,5,5,5,5,6,6,6,6,6,6,6,6,6,6, , , , 
EMBU,1,1, , , , , , ,1,6,1, ,0, ,MASON,2,1, ,3,2, , ,2, ,2, ,2,4,4,4,6,1,4, ,2,3,3, ,7,4,4,3,4,4,4,4,4,4,7,2,2,3,5,5,4,1,2,4,3,3,2,2,3,5,3, ,2,2, ,6,6, ,5,6,6,YES. JOB OPPORTUNITIES,"FEW CONSTRUCTION SITES, TOO M",REMOVE FEES,REGULAR TRAINING
EMBU,1,1, , , , , , ,1,7,4, ,6, ,MASON,2,1, ,3,1,2, ,2, ,2, ,2,6,7,7,7,7,7,7,7,7,5,7,5,5,5,7,7,5,7,5,6,4,5,5,5,7,7,5,7,5,7,7,7,7,7,7,7,7,7,7,7,5,5,5,7,7,7,7,7,YES,LACK OF AWARENESS,RAISE AWARENESS,CARDS BE FREE
EMBU,1,1, , , , , , ,1,7,1, ,7, ,PAINTER,2,1, ,4,2, , ,2, ,4, ,3,5,4,4,4,4,4,4,4,4,5,5,5,5,5,5,5,5,5,5,5,5,5,5,5,5,5,5,5,5,5,5,5,5,5,5,5,5,5,5,5,5,5,5,5,5,5,5,5, , , , 
EMBU,1,1, , , , , , ,1,2,2, ,0, ,MASON,2,1, ,1,2, , ,2, ,4, ,2,6,5,5,5,5,5,6,6,6,6,6,5,5,5,6,6,5,5,5,5,5,5,5,5,5,5,6,6,6,6,6,6,6,6,5,5,5,5,6,6,6,6,7,7,7,7,7,7, , , , 
EMBU,1,1, , , , , , ,1,9,1, ,2, ,MASON,1,2, ,5,1,2, ,2, ,2, ,4,7,2,2,7,2,6, ,3,2,3,6,6,6,6,3,5,4,4,4,5, ,4,4,2,2,5,5,6,1,1,1,1,1,1,6,6,6,5,5,6,4,6,6,6,6,7,7,5,YES. JOB OPPORTUNITIES ANYWHERE,NO SERIOUSNESS,MORE ON SITE VISITS,MORE ON SITE VISITS
EMBU,1,1, , , , , , ,1,6,2, ,2, ,MASON,2,1, ,1,1,2, ,2, ,2, ,2,5,1,1,7,4,7,7,1,1,4,7,7,7,7,7,4,1,1,1,1,7,7,4,1,1,7,1,7,7,1,1,4,1,1,1,1,1,1,1,1,1,1,7,7,7,1,1,7,YES. WORKERS GET PAID AS THEIR PRO,NCA DONT REACH ALL SITES,TIMELY DELIVERY OF CARDS,NCA CONTINUE WITH THEIR GOOD WORK
EMBU,1,1, , , , , , ,1,2,2, ,0, ,MASON,2,1, ,1,2, , ,2, ,2, ,2, ,1,1,1,1,1,1,7,7,1,4,4,4,4,4,4,4,4,4,4,4,4,4,4,4,7,7,1,1,1,1,1,1,1,7,4,4,4,4,4,4,4,4,4,7,7,7,7, ,CAPITAL, , 
EMBU,1,1, , , , , , ,1,7,1, ,1, ,MASON,2,1, ,5,2, , ,2, ,5, ,3, ,3,3,7,3,3,7,7,7,7,7,7,4,4,3,3,3,3,3,1,1,1,1,1,1,7,7,7,1,1,3,1,1,1,7,4,4,4,4,4,4,4,4,4,7,7,1,1,YES. TO ENSURE RELAIBLE JOBS ARE A,IGNORANCE,RAISE AWARENESS, 
EMBU,1,3, , , , , , ,2,6,3, ,1, ,MASON,1,2, ,3,2, , ,2, ,2, ,4,7,7,7,7,7,7,7,7,7,7,7,7, ,1,7,7,7,7,7,1,1,1,1,1,7,7,7,7,1,1,1,7,1,1,7,7,7,7,7,7,7,1,4,7,5,5,1,1, ,IGNORANCE,RAISE AWARENESS, 
EMBU,1,1, , , , , , ,2,5,2, ,0, ,MASON,2,1, ,1,2, , ,2, ,3, ,2,6,6,6,6,6,6,6,6,6,6,6,6,6,6,6,6,6,6,6,5,5,5,5,5,5,5,5,5,5,5,5,5,5,5,6,6,6,5,5,5,5,5,5,5,5,5,5,5, , , , 
ISIOLO,1,1, , , , , , ,1,3,1, ,5, ,MASON,2,1, ,3,2, , ,2, ,2, ,2,5,4,4,4,4,4,4,4,4,4,4,4,4,4,4,4,4,4,4,4,4,4,4,4,5,5,5,5,5,5,5,5,5,5,4,4,4,4,4,4,4,4,4,4,4,4,4,4, , , , 
ISIOLO,1,1, , , , , , ,1,9,1, ,5, ,MASON,2,1, ,5,2, , ,2, ,4, ,2,4,5,5,5,5,5,5,5,5,5,5,5,5,6,6,6,6,6,6,4,4,4,4,4,4,4,4,4,4,4,4,4,4,4,5,5,5,5,5,5,4,4,5,5,5,5,5,5, , , , 
ISIOLO,1,1, , , , , , ,1,5,1, ,4, ,MASON,2,1, ,4,1, , ,2, ,4, ,2,5,4,4,4,4,4,4,4,4,4,4,4,4,4,4,4,4,4,4,4,4,4,4,4,4,4,4,4,4,4,4,5,5,5,4,4,4,4,4,5,5,5,5,5,5,5,5,5, , , , 
ISIOLO,1,1, , , , , , ,1,8,1, ,1, ,MASON,1,2, ,5,2, , ,2, ,2, ,2,5,5,4,4,4,4,4,4,4,4,4,4,4,4,4,4,4,4,4,5,5,5,5,5,5,5,5,5,5,5,5,5,5,5,5,5,5,5,5,5,5,5,5,5,5,5,5,5, , , , 
ISIOLO,1,1, , , , , , ,1,8,1, ,2, ,MASON,2,1, ,5,2, , ,2, ,4, ,2,5,4,4,4,4,4,4,4,4,4,4,4,4,4,4,4,4,4,4,4,4,4,4,4,4,4,4,4,4,4,4,4,4,4,5,5,5,5,5,5,5,5,5,5,5,5,5,5, , , , 
ISIOLO,2, , ,1, , , , ,1,3,1, ,0, ,MASON,2,1, ,2,1,2, ,2, ,2, ,2,1,1,1,5,1,1,1,1,1,7,1,1,1,1,1,1,1,1,1,1,1,1,1,1,1,1,1,4, ,1,1,1,1,1,1,1,1,1,1,1,1,4,1,1,6,7,7,1,YES. JOB OPPORTUNITIES EVERYWHERE,FINANCIAL INSTABILITY,MORE ON SITE VISITS,CARDS BE FREE
ISIOLO,1,1, , , , , , ,1,2,2, ,0, ,MASON,2,1, ,1,1,2, ,2, ,2, ,2,1,1,1,1,1,1,1,1,1,6,1,1,1,1,1,1,1,1,1,1,1,1,1,1,1,1,1, ,4,1,1,1,1,1,1,1,1,1,1,1,1,4, ,1, ,7,7,1,YES. JOB OPPORTUNITIES ANYWHERE,FINANCIAL PROBLEM,MORE ON SITE VISITS,CARDS BE FREE
ISIOLO,1,3, , , , , , ,1,6,1, ,7, ,PLANT OPERATOR,2,1, ,2,2, , ,2, ,3, ,2,1,1, ,5,7,7,1,7, ,7,7,7,1,1,1,1,1,1,1,1,1,1,4,4,1,7,1,7,1,1,1,7,1,7,7,7,7,1,1,7,7,7,7,7,7,7,7,7,YES. EASY TO GET A JOB,HIGH COST,MORE ON SITE VISITS,CARDS BE FREE
ISIOLO,1,1, , , , , , ,1,5,2, ,2, ,MASON,2,1, ,3,2, , ,2, ,4, ,2,4,4,4,4,4,4,4,4,4,4,4,4,4,4,5,5,5,5,5,5,5,5,5,5,5,5,5,5,5,5,5,5,5,5,5,5,5,5,5,5,5,5,5,5,5,5,5,5, , , , 
ISIOLO,1,1, , , , , , ,1,4,2, ,5, ,CARPENTER,2,1, ,4,2, , ,2, ,4, ,2,5,4,4,4,4,4,4,4,4,4,4,4,4,4,5,5,5,5,5,4,4,4,5,5,5,5,5,5,5,5,5,5,5,5,5,5,5,5,5,5,5,5,5,5,5,5,5,5, , , , 
ISIOLO,1,1, , , , , , ,1,6,2, ,5, ,CARPENTER,2,1, ,3,2, , ,2, ,3, ,2,5,4,4,4,4,4,4,4,4,4,4,4,4,4,5,5,5,5,5,5,5,5,5,5,5,5,5,5,5,5,5,5,5,5,5,5,5,5,5,5,5,5,5,5,5,5,5,5, , , , 
ISIOLO,1,1, , , , , , ,1,8,2, ,5, ,CARPENTER,2,1, ,5,2, , ,2, ,3, ,2,5,4,4,4,4,4,4,4,4,4,4,4,4,4,4,4,4,4,4,5,5,5,5,5,5,5,5,5,5,5,5,5,5,5,5,5,5,5,5,5,5,5,5,5,5,5,5,5, , , , 
ISIOLO,1,1, , , , , , ,1,3,0, ,5, ,MASON,2,1, ,3,2, , ,2, ,4, ,1,5,4,4,4,4,4,4,4,4,4,4,4,4,4,4,4,4,4,4,4,4,4,4,4,4,4,4,4,4,4,4,4,4,4,5,5,5,5,5,5,5,5,5,5,5,5,5,5, , , , 
ISIOLO,1,1, , , , , , ,2,5,2, ,6, ,MASON,2,1, ,2,2, , ,2, ,4, ,2,4,4,4,4,4,4,4,4,4,4,4,4,4,4,4,4,4,4,4,4,4,4,4,4,4,4,4,4,4,4,4,4,4,4,5,5,5,5,5,5,5,5,5,5,5,5,5,5, , , , 
ISIOLO,1,1, , , , , , ,1,2,1, ,1, ,STEEL FIXER,2,1, ,1,2, , ,2, ,2, ,2,5,5,5,7,7,4,5,5,5,7,7,7,7,7,7,5,1,1,1,7,7,3,1,1,1,7,7,7,1,5,5,5,4,5,7,7,7,7,7,7,3,7,7,7,7,7,7,7,YES,PEOPLE REGISTER BUT CARDS ARE, , 
ISIOLO,1,1, , , , , , ,1,2,1, ,0, ,MASON,1,2, ,2,2, , ,2, ,2, ,2,4,4,4,2,5,4,4,4,2,7,4,4,4,4,4,4,4,4,4,4,4,4,4,4,4,4,7,4,7,4,4,4,4,4,6,4,4,4,5,4,4,4,4,4,7,7,7,7,YES. BENEFITS, , , 
KIRINYAG,1,1, , , , , , ,1,4,4, ,6, ,MASON,2,1, ,1,2, , ,2, ,1, ,2,6,7,7,7,7,7,7,7,7,5,7,1,1,1,1,1,1,1,1,1,1,1,7,1,1,7,7,7,1,1,7,7,1,1,1,1,5,1,1,1,5,4,5,5,7, ,1,1,YES. RECOGNITION.,FINANCIAL INSTABILITY,REMOVE FEES,MORE ON SITE VISITS
KIRINYAG,1,1, , , , , , ,1,7,1, ,2, ,MASON,2,1, ,5,1,2, ,1, ,4, ,3,5,3,3,4,3,4, ,4,4,4,4,4,4,4,4,4,5,5,3,3,3,3,3,3,3,3,3,3,3,3,3,3,3,3,4,4,4,4,4,4,4,4,4,4,4,4,4,4, , , , 
KIRINYAG,1,1, , , , , , ,1,4,2, ,2, ,MASON,1,4, ,2,2, , ,1, ,4, ,3,5,4,4,4,4,4,4,4,4,4,4,4,4,5,5,5,5,5,5,5,5,5,5,5,5,4,4,4,3,3,3,3,3,3,4,4,4,4,4,4,4,4,4,4,4,4,4,4, , , , 
KIRINYAG,1,1, , , , , , ,1,8,2, ,5, ,ELECTRICIAN,2,1, ,4,2, , ,2, ,5, ,3,4,4,4,4,4,4,4,4,4,4,4,4,5,5,4,4,4,4,4,4,4,4,4,4,4,4,4,4,4,4,4,4,4,4,5,5,5,5,5,5,5,5,5,5,5,5,5,5, , , , 
KIRINYAG,1,1, , , , , , ,1,2,3, ,5, ,"MASON, WELDER",1,2, ,1,2, , , , ,4, ,2,4,5,5,5,5,5,5,5,5,5,5,4,4,4,4,4,4,4,4,4,4,4,4,4,4,4,4,4,4,4,4,4,4,4,4,4,4,4,4,4,4,4,4,4,4,5,5,5, , , , 
KIRINYAG,1,3, , , , , , ,1,7,2, ,6, ,MASON,1,2, ,5,1,1,N,2, ,2, ,3,7,5,5,7,7,5,1,1,5,5,5,5,5,1,7,5,7,7,7,5,5,7,7,6,7,5,5,6,1,5,5,5,5,5,5,7,6,5,5,6,5,6,6,6,7,5,5,3,YES. HELPS WHEN LOOKING FOR A JOB,IGNORANCE,CARDS BE FREE,REGULATE PAYMENTS
THARAKA-,1,1, , , , , , ,1,6,3, ,3, ,MASON,1,2, ,2,1,2, ,2, ,2, ,2,4,7,7,7,4,7,7,7,7,7,7,7,7,7,1,1,1,1,1,7,1,1,5,5,7,7,7,7,1,1,7,7,1,1,6,7,5,5,7,4,4,4,4,4,7,7,7,7, ,DELAY AFTER APPLICATION, , 
THARAKA-,2, , ,2,1,2012, , ,1,5,4, ,3, ,FOREMAN,1,2, ,3,1,1,E,2, ,1, ,3,7,7,7,5,7,7,7,5,7,7,7,7,7,5,7,7,7,7,7,7,7,7,7,5,7,7,7,7,5,7,5,7,7,7,7,7,7,7,7,7,7,7,7,7,7,5,7,5,YES. FIRST PRIORITY FOR JOBS GOES,IGNORANCE AND LACK OF MONEY,RAISE AWARENESS ON ITS IMPORTANCE,ORGANIZE TRAINING AND ENSURE EVERY W
THARAKA-,2, , ,1, , , , ,1,7,6, ,6, ,SAFETY OFFICER,1,3, ,3,1,1,E,1,K,1, ,3,6,7,7,7,7,7,7,7,7,7,7,7,7,7,7,7,7,7,7,7,7,7,7,7,7,7,7,7,7,7,7,7,7,7,7,7,7,7,7,7,7,7,7,7,7,7,7,7, , , , 
KIRINYAG,1,1, , , , , , ,2,4,1, ,5, ,MASON,2,1, ,1,1,2, ,2, ,4, ,2,5,4,4,4,4,4,4,4,4,4,4,4,4,4,4,4,4,4,4,4,4,4,4,4,4,4,4,4,4,4,4,4,4,4,4,4,4,4,4,4,4,4,4,4,4,4,4,4, , , , 
MURANG'A,1,1, , , , ,2, ,1,4,4, ,0, ,PAINTER,1, ,SEMINARS,5,2,2, ,2, ,3, ,3, ,1,1,1,1,2,1,7,6,2,2,6,5,1,1,1,3,4,3,2,1,2,4,2,2,1,4,3,3,6,6,2,3,3,2,2,1,2,1,1,4,4,2,2,4,1,1,4,NO.,LACK OF INFORMATION,"CREATE MORE AWARENESS, MORE SITES VISITS",EDUCATE MORE AND REACH MANY
MURANG'A,1,1, , , , ,1,1,1,6,3, ,1, ,MASON,2,1, ,5,2, , ,2, ,2, ,3,7,7,7,5,6,7,7,7,7,7,7,7,7,7,1,7,1,1,1,4,7,7,6,7,7,7,7,7,1,1,1,6,1,1,6,7,7,7,1,7,4,7,6,7,6,6,6,1,YES.JOB OPPORTUNITIES,DELAY OF CARDS,PRODUCE CARDS ON TIME,INCRASE WAGES
MURANG'A,1,1, , , , ,2, ,1,4,2, ,1, ,MASON,2,1, ,2,2,2, ,2, ,2, ,2,6,6,4,4,4,4,4,4,4,4,7,4,1,1,4,4,4,4,4,7,4,4,4,4,4,4,4,4,4,4,4,4,4,4,4,4,4,4,4,4,4,7,4,4,4,4,4,4,YES.JOB OPPORTUNITIES,LACK OF AWARENESS,INCREASE SITES VISITS, 
MURANG'A,1,1, , , , ,1,1,1,3,3, ,2, ,"MASON, STEEL FIXER , PLUMER",1,2, ,1,1, , ,2, ,5, ,1,3,3,3,5,6,4,5,4,6,4,6,4,5,4,5,3,5,4,5,5,6,5,4,6,5,7,5,6,5,6,4,5,7,5,5,6,5,6,7,5,6,5,7,5,6,7,6,6,YES,LACK OF AWARENESS,INCREAS ACCESS OF NCA'S OFFICES,TRAININING AND LEARNING PROGRAMS
NYERI,1,1, , , , ,1,2,1,3,6, ,1, ,STEEL FIXER,2,1, ,1,1,2, ,2, ,1, ,1,7,7,7,7,1,1,4,7,7,7,1,1,1,1,6,1,1,1,1,1,1,1,3,3,1,3,5,5,3,2,4,3,2,4,2,1,2,1,1,2,2,3,4,4,3,4,5,6,YES. EXPOSURE,LACK OF INFORMATION,CREATE MORE AWARENESS,MORE APPLICATIONS
NYER,1,1, , , , ,1,1,1,3,2, ,1, ,CARPENTER,1,2, ,2,2, , ,2, ,2, ,2,7,7,7,7,1,7,1,7,7,7,7,1,7,7,1,7,7,7,1,7,7,7,7,7,7,7,7,1,7,7,7,7,7,7,7,7,7,7,7,7,7,7,7,1,7,7,7,7,YES.RECOGNITION,DELAY OF CARDS,ALLOCATE NCA OFFICES AROUND THE COUNTRY, 
NYERI,1,1, , , , ,1,1,1,8,3, ,2, ,CARPENTER,2,1, ,5,2,2, ,2, ,2, ,2,7,7,5,7,7,7,7,7,7,7,7,7,1,3,1,7,1,1,1,1,7,7,1,1,7,7,7,7,7,7,7,7,1,7,7,7,7,7,7,7,7,7,7,7,1,1,1,1,YES.,DELAY OF CARDS,PRODUCE CARDS ON TIME,PRODUCE CARDS ON TIME
NYERI,1,1, , , , ,1,1,1,5,2, ,7, ,MASON,2,1, ,2,1,2, ,2, ,2, ,1,7,1,1,7,1,1,7,7,4,4,1,1,1,1,1,7,7,1,1,1,5,1,4,1,6,1,4,1,4,4,1,3,1,1,1,1,1,1,4,2,1,1,6,6,7,7,7,7,NO,REDUCE FEES,PRODUCE CARDS ON TIME,PRODUCE CARDS ON TIME
NYERI,1,1, , , , ,2, ,1,5,2, ,1, ,MASON,1,2, ,5,1,2, ,2, ,1, ,2,6,5,5,1,5,3,7,7,7,3,3,5,3,4,5,1,1,1,1,3,3,3,4,5,4,5,5,6,1,1,3,6,1,1,7,3,3,5,5,4,4,2,4,4,5,1,4,1,YES,REDUCE FEES,EMPOWERMENT, 
MURANG'A,1,1, , , , ,1,1,1,6,2, ,1, ,STEEL FIXER,1,2, ,5,2, , ,2, ,2, ,1,6,5,5,1,5,1,6,6,6,1,6,6,1,1,2,6,1,1,2,7,7,7,5,3,6,6,6,5,4,1,6,4,5,5,6,6,7,4,5,4,1,7,5,4,1,7,1,4,YES.JOB OPPORTUNITIES,DELAY OF CARDS,PRODUCE CARDS ON TIME, 
MURANG'A,1,1, , , , ,1,5,1,4,2, ,6, ,MASON,1,2, ,5,2, , ,2, ,2, ,2,7,1,7,1,1,7,6,4,4,4,4,2,3,4,3,2,3,2,3,5,5,5,5,3,5,4,7,1,3,1,1,1,1,1,7,4,6,4,7,4,7,4,7,5,7,7,7,7,YES.JOB OPPORTUNITIES,APPLICATIONS DIDN'T GO THROUH, , 
KIAMBU,1,1, , , , ,1,2,1,2,2, ,7, ,STEEL FIXER,2,1, ,2,1,2, ,2, ,3, ,2,4,1,1,7,1,7,7,7,7,1,4,1,7,1,1,1,2,1,1,7,1,7,4,7,7,7,1,1,1,1,7,1,1,1,7,7,7,7,1,1,1,1,7,1,1,1,1,1,NO,LACK OF INFORMATION,CREATE MORE AWARENESS, 
KIAMBU,1,1, , , , ,2, ,1,2,3, ,5, ,PAINTER,2,1, ,1,2,2, ,2, ,2, ,2,6,1,1,1,1,1,1,2,2,2,1,1,1,1,4,7,1,1,1,1,1,1,1,3,3,3,2,2,2,2,3,3,4,2,1,1,2,2,2,3,1,2,1,3,1,3,1,3,YES. EXPOSURE,REDUCE FEES,RECOGNITION, 
KIAMBU,1,1, , , , ,2, ,1,2,2, ,0, ,STEEL FIXER,2,1, ,2,2,2, ,2, ,2, ,2,7,5,4,1,1,7,7,7,7,7,7,7,1,1,4,1,1,1,1,7,7,7,7,7,7,5,7,5,7,7,1,7,7,7,5,7,7,7,7,7,1,7,7,7,5,5,7,7,YES.ASSURANCE,LACK OF INFORMATION,PRODUCE CARDS ON TIME,APPRECIATE ONSITE TRAININGS
KIAMBU,1,1, , , , ,2, ,1,4,6, ,1, ,MASON,1,3, ,1,1,1, ,2, ,1, ,2,7,5,5,5,6,6,6,6,6,6,7,6,1,6,7,6,6,6,1,6,6,6,6,6,6,6,5,6,5,6,6,6,6,6,7,6,6,5,6,6,4,6,6,6,6,5,5,5,YES.CARES THE WELFARE OF EMPLOYEES,FINANCIAL CONSTRAINTS,TRAIN WORKERS,INCREASE TRAINING
KIAMBU,1,1, , , , ,1,1,1,3,4, ,1, ,ELECTRICIAN,1,2, ,1,1,2, ,2, ,2, ,3,7,1,1,1,1,7,7,7,7,7,7,1,1,4,7,1,1,1,5,7,7,7,4,6,7,6,4,6,7,6,4,7,6,7,7,4,6,7,4,6,4,6,5,7,6,4,4,7,"YES.JOB SECURITY,",PAYING ACCREDITATION FEE,PRODUCE CARDS ON TIME,APPRECIATE ONSITE TRAININGS
KIAMBU,1,1, , , , ,2, ,1,3,6, ,0, ,PLUMBER,2,1, ,1,1,2, ,2, ,1, ,2,5,1,1,1,1,1,7,7,7,7,7,7,1,4,7,7,1,4,1,4,7,1,7,5,7,7,7,7,7,7,1,7,1,4,7,7,7,1,7,7,1,1,7,4,7,1,1,3,YES. EXPOSURE,LACK OF INFORMATION,CREATE MORE AWARENESS, 
KIAMBU,1,1, , , , ,1,1,1,6,4, ,1, ,STEEL FIXER,1,2, ,4,2,2, ,2, ,1, ,2,7,7,1,1,5,4,1,1,1,4,5,5,1,1,4,7,1,1,7,5,7,7,5,5,7,7,4,5,4,4,5,4,4,5,4,5,5,5,7,5,5,5,7,7,4,1,1,1,YES.RECOGNITION,LACK OF AWARENESS,"CREATE MORE AWARENESS, MORE SITES VISITS",INCREASE SITES VISITS
KIAMBU,1,1, , , , ,2, ,1,2,2, ,1, ,STEEL FIXER,2,1, ,1,2,2, ,2, ,2, ,2,7,1,1,1,1,7,6,1,1,1,1,4,6,1,6,6,7,4,5,6,1,1,1,1,1,1,6,6,6,6,3,3,3,3,1,5,4,1,7,7,7,1,1,1,3,1,1,1,YES,LACK OF TIME ON SITE,REDUCE FEES,READILY AVAILABLE
KIAMBU,1,1, , , , ,1,1,1,4,3, ,7, ,STEEL FIXER,2,1, ,3,1,2, ,1, ,2, ,2,2,1,1,6,7,6,7,7,6,1,5,1,1,4,5,1,4,4,4,4,3,4,1,7,1,3,1,7,1,1,1,4,2,5,1,3,7,7,1,2,1,7,1,7,2,1,7,2,YES.JOB OPPORTUNITIES,INCREASE PAYMENT,INCREASE PAYMENT,INCREASE PAYMENT
KIAMBU,1,1, , , , ,2, ,1,2,2, ,0, ,CARPENTER,1,2, ,1,2,2, ,2, ,2, ,2,7,1,1,7,7,7,4,7,1,1,1,1,3,4,7,4,7,1,2,1,2,3,4,3,2,2,3,3,2,3,4,5,6,7,7,7,7,7,7,7,1,4,7,7,1,1,1,7,YES.GAINED EXPERIENCE,LACK OF INFORMATION,CREATE MORE AWARENESS, 
KIAMBU,1,1, , , , ,2, ,1,4,6, ,0, ,MASON,1,3, ,2,1,2, ,2, ,1, ,4,7,7,7,1,7,5,7,7,7,7,1,2,1,1,7,7,1,1,1,7,7,7,1,7,7,7,1,1,7,7,7,7,1,7,7,7,7,7,7,7,1,3,7,7,7,1,7,1,YES. EXPOSURE,REDUCE FEES,ENFORCEMENT ON SITES, 
KIAMBU,1,1, , , , ,2, ,1,3,2, ,6, ,MASON,2,1, ,2,2, , ,2, ,2, ,2,7,1,2,4,1,4,5,1,1,1,1,1,1,1,4,4,1,1,1,1,4,4,6,1,4,1,1,4,1,1,4,4,4,1,4,5,4,1,6,4,1,6,6,6,1,1,1,1,YES.JOB OPPORTUNITIES,LACK OF TIME ON SITE,ONSITE REGISTRATION,INCREASE TIME FOR REGISTRATION
KIAMBU,1,1, , , , ,2, ,1,2,6, ,1, ,STEEL FIXER,1,3, ,1,2,2, ,2, ,5, ,2,4,4,4,4,6,6,4,6,6,6,1,1,7,7,4,7,4,4,1,3,3,4,7,5,7,7,7,7,4,1,7,7,7,7,7,7,7,4,7,7,1,1,7,7,1,1,6,1,YES.RECOGNITION,LACK OF INFORMATION,INCREASE PROGRAMS,SIMPLIFY PROCESS OF CARDS
KIAMBU,1,1, , , , ,1,2,1,7,4, ,1, ,STEEL FIXER,1,2, ,3,2, , ,2, ,2, ,2,7,5,5,3,5,5,5,5,5,5,5,5,1,5,5,5,5,5,3,7,7,7,7,5,2,7,7,7,2,7,7,7,2,4,4,7,7,1,7,7,4,7,7,7,4,1,1,4,YES.JOB OPPORTUNITIES,JOB SECURITY,FACILITATE ACCREDITATION, 
KIAMBU,1,1, , , , ,2, ,1,2,1, ,1, ,CARPENTER,2,1, ,2,1, , ,2, ,2, ,2,7,7,7,7,4,7,7,7,7,7,7,7,7,7,7,7,7,7,1,7,7,7,7,7,7,7,7,7,7,7,7,7,7,1,7,7,7,7,7,7,7,7,7,7,7,7,7,7,YES.JOB OPPORTUNITIES,REDUCE FEES,REDUCE FEES,MISIDENTIFICATION ON THE CARD PHOTOS
